Time,Ask,Bid,AskVolume,BidVolume
10.02.2014 00:09:22.498,6.02860,6.02500,0.08,0.10
10.02.2014 00:10:02.548,6.02780,6.02540,0.09,0.11
10.02.2014 00:10:04.551,6.02760,6.02540,0.06,0.09
10.02.2014 00:10:24.575,6.02790,6.02540,0.09,0.09
10.02.2014 00:10:50.506,6.02790,6.02500,0.09,0.11
10.02.2014 00:10:58.514,6.02860,6.02510,0.06,0.10
10.02.2014 00:13:12.563,6.02820,6.02560,0.09,0.11
10.02.2014 00:13:32.586,6.02890,6.02520,0.10,0.09
10.02.2014 00:13:48.604,6.02900,6.02600,0.09,0.06
10.02.2014 00:13:52.509,6.02850,6.02540,0.08,0.06
10.02.2014 00:14:08.527,6.02860,6.02600,0.06,0.11
10.02.2014 00:14:12.531,6.02940,6.02610,0.11,0.11
10.02.2014 00:14:18.537,6.02940,6.02590,0.10,0.06
10.02.2014 00:14:32.554,6.02870,6.02600,0.08,0.11
10.02.2014 00:15:40.539,6.02940,6.02590,0.11,0.11
10.02.2014 00:24:16.559,6.02930,6.02580,0.10,0.06
10.02.2014 00:26:24.619,6.02930,6.02620,0.11,0.09
10.02.2014 00:29:46.558,6.02930,6.02580,0.09,0.10
10.02.2014 00:29:52.565,6.02880,6.02580,0.10,0.09
10.02.2014 00:29:54.567,6.02900,6.02600,0.11,0.09
10.02.2014 00:30:00.575,6.02920,6.02570,0.09,0.10
10.02.2014 00:32:14.538,6.02920,6.02570,0.09,0.08
10.02.2014 00:43:38.573,6.02880,6.02620,0.11,0.11
10.02.2014 00:46:18.569,6.02920,6.02570,0.06,0.06
10.02.2014 00:47:08.528,6.02930,6.02570,0.11,0.08
10.02.2014 00:47:12.633,6.02920,6.02570,0.09,0.09
10.02.2014 00:47:20.542,6.02920,6.02560,0.10,0.10
10.02.2014 00:48:08.599,6.02930,6.02570,0.10,0.09
10.02.2014 00:48:54.552,6.02920,6.02560,0.06,0.11
10.02.2014 00:50:56.601,6.02880,6.02570,0.11,0.10
10.02.2014 00:50:58.503,6.02930,6.02660,0.06,0.08
10.02.2014 00:53:14.561,6.02920,6.02600,0.08,0.11
10.02.2014 00:53:22.570,6.02980,6.02690,0.09,0.09
10.02.2014 00:53:58.513,6.02950,6.02650,0.08,0.11
10.02.2014 00:54:34.557,6.02950,6.02630,0.08,0.06
10.02.2014 00:54:58.586,6.03010,6.02640,0.10,0.09
10.02.2014 00:55:02.592,6.03000,6.02640,0.06,0.08
10.02.2014 00:55:04.495,6.03000,6.02680,0.08,0.09
10.02.2014 00:55:06.597,6.03000,6.02700,0.06,0.08
10.02.2014 00:55:12.603,6.03000,6.02650,0.06,0.08
10.02.2014 00:55:38.533,6.03000,6.02640,0.11,0.06
10.02.2014 00:56:08.567,6.03000,6.02650,0.09,0.10
10.02.2014 00:57:38.580,6.03000,6.02650,0.06,0.10
10.02.2014 01:01:34.559,6.02990,6.02640,0.06,0.11
10.02.2014 01:02:08.599,6.02980,6.02680,0.06,0.10
10.02.2014 01:02:10.502,6.02950,6.02650,0.09,0.10
10.02.2014 01:05:16.538,6.02990,6.02640,0.06,0.10
10.02.2014 01:07:06.572,6.02980,6.02660,0.06,0.09
10.02.2014 01:07:08.574,6.02890,6.02680,0.09,0.10
10.02.2014 01:08:56.606,6.02940,6.02700,0.09,0.10
10.02.2014 01:09:08.620,6.02990,6.02690,0.06,0.06
10.02.2014 01:09:10.523,6.02940,6.02710,0.06,0.08
10.02.2014 01:09:16.530,6.02950,6.02710,0.08,0.06
10.02.2014 01:09:24.639,6.02970,6.02620,0.08,0.11
10.02.2014 01:09:32.549,6.02930,6.02620,0.09,0.08
10.02.2014 01:11:52.615,6.02910,6.02690,0.06,0.08
10.02.2014 01:14:08.569,6.03020,6.02700,0.10,0.10
10.02.2014 01:14:16.579,6.02950,6.02610,0.09,0.08
10.02.2014 01:14:40.607,6.02950,6.02600,0.08,0.08
10.02.2014 01:14:54.625,6.03020,6.02540,0.09,0.10
10.02.2014 01:15:30.572,6.03030,6.02610,0.10,0.11
10.02.2014 01:15:38.582,6.02970,6.02700,0.09,0.08
10.02.2014 01:15:48.494,6.03050,6.02620,0.09,0.06
10.02.2014 01:15:52.599,6.02980,6.02580,0.10,0.10
10.02.2014 01:15:54.501,6.02990,6.02620,0.08,0.08
10.02.2014 01:16:00.609,6.02940,6.02630,0.10,0.10
10.02.2014 01:16:04.614,6.03010,6.02640,0.09,0.08
10.02.2014 01:16:08.619,6.03020,6.02750,0.11,0.10
10.02.2014 01:16:10.621,6.02980,6.02650,0.06,0.10
10.02.2014 01:16:14.626,6.03070,6.02670,0.06,0.10
10.02.2014 01:16:16.529,6.03050,6.02690,0.08,0.08
10.02.2014 01:16:18.531,6.02990,6.02690,0.08,0.11
10.02.2014 01:16:20.634,6.03080,6.02700,0.10,0.08
10.02.2014 01:16:22.536,6.03070,6.02730,0.11,0.09
10.02.2014 01:16:24.639,6.03070,6.02760,0.08,0.11
10.02.2014 01:16:28.544,6.03060,6.02760,0.10,0.11
10.02.2014 01:16:32.649,6.03080,6.02700,0.10,0.10
10.02.2014 01:16:34.551,6.03090,6.02830,0.06,0.09
10.02.2014 01:16:38.556,6.03090,6.02810,0.09,0.11
10.02.2014 01:16:46.566,6.03030,6.02730,0.06,0.11
10.02.2014 01:16:48.668,6.03050,6.02750,0.06,0.09
10.02.2014 01:16:52.573,6.03100,6.02800,0.10,0.09
10.02.2014 01:17:00.683,6.03060,6.02810,0.11,0.08
10.02.2014 01:17:04.588,6.03000,6.02730,0.08,0.06
10.02.2014 01:17:18.605,6.03050,6.02750,0.09,0.10
10.02.2014 01:17:40.531,6.03100,6.02740,0.11,0.09
10.02.2014 01:17:44.636,6.03090,6.02740,0.08,0.11
10.02.2014 01:18:32.594,6.03080,6.02780,0.06,0.06
10.02.2014 01:18:40.603,6.03070,6.02720,0.06,0.11
10.02.2014 01:19:02.629,6.03000,6.02780,0.08,0.11
10.02.2014 01:19:08.636,6.03070,6.02680,0.11,0.06
10.02.2014 01:19:12.641,6.03050,6.02750,0.09,0.10
10.02.2014 01:19:16.546,6.03050,6.02680,0.11,0.09
10.02.2014 01:19:32.567,6.03050,6.02690,0.10,0.10
10.02.2014 01:19:34.569,6.03040,6.02690,0.10,0.08
10.02.2014 01:19:44.581,6.03050,6.02680,0.06,0.08
10.02.2014 01:20:30.641,6.03040,6.02690,0.10,0.10
10.02.2014 01:23:08.633,6.03010,6.02690,0.06,0.09
10.02.2014 01:23:12.638,6.03060,6.02760,0.10,0.09
10.02.2014 01:23:14.640,6.03050,6.02700,0.08,0.09
10.02.2014 01:23:28.558,6.03050,6.02750,0.06,0.11
10.02.2014 01:24:24.621,6.03050,6.02700,0.06,0.08
10.02.2014 01:25:00.662,6.03060,6.02760,0.11,0.09
10.02.2014 01:25:10.576,6.03030,6.02730,0.09,0.11
10.02.2014 01:25:38.610,6.03050,6.02730,0.09,0.08
10.02.2014 01:25:48.522,6.02990,6.02750,0.11,0.09
10.02.2014 01:25:58.534,6.03050,6.02770,0.06,0.10
10.02.2014 01:26:02.639,6.02980,6.02770,0.10,0.09
10.02.2014 01:26:04.541,6.03050,6.02770,0.06,0.08
10.02.2014 01:26:20.661,6.03060,6.02710,0.10,0.11
10.02.2014 01:27:32.649,6.03010,6.02720,0.08,0.11
10.02.2014 01:27:36.653,6.03100,6.02720,0.09,0.06
10.02.2014 01:27:38.656,6.03070,6.02730,0.06,0.09
10.02.2014 01:27:40.558,6.03110,6.02740,0.09,0.06
10.02.2014 01:27:42.661,6.03110,6.02840,0.08,0.08
10.02.2014 01:27:46.566,6.03080,6.02750,0.11,0.09
10.02.2014 01:27:48.668,6.03100,6.02820,0.11,0.11
10.02.2014 01:27:50.570,6.03120,6.02830,0.09,0.10
10.02.2014 01:27:52.573,6.03120,6.02750,0.10,0.08
10.02.2014 01:27:54.675,6.03110,6.02840,0.08,0.08
10.02.2014 01:27:56.578,6.03070,6.02850,0.09,0.09
10.02.2014 01:27:58.580,6.03090,6.02760,0.06,0.10
10.02.2014 01:28:00.683,6.03070,6.02840,0.06,0.11
10.02.2014 01:28:38.628,6.03100,6.02760,0.11,0.10
10.02.2014 01:28:46.537,6.03130,6.02840,0.06,0.06
10.02.2014 01:28:58.550,6.03110,6.02870,0.06,0.08
10.02.2014 01:29:00.653,6.03140,6.02780,0.11,0.06
10.02.2014 01:29:04.557,6.03150,6.02880,0.09,0.10
10.02.2014 01:29:20.576,6.03160,6.02800,0.11,0.06
10.02.2014 01:30:00.621,6.03150,6.02860,0.08,0.10
10.02.2014 01:30:02.627,6.03060,6.02880,0.11,0.10
10.02.2014 01:30:56.589,6.03060,6.02860,0.10,0.11
10.02.2014 01:31:20.617,6.03050,6.02850,0.09,0.11
10.02.2014 01:31:32.631,6.03040,6.02850,0.08,0.10
10.02.2014 01:31:38.638,6.03100,6.02860,0.06,0.06
10.02.2014 01:31:52.553,6.03050,6.02870,0.09,0.08
10.02.2014 01:32:04.567,6.03050,6.02840,0.08,0.10
10.02.2014 01:32:06.669,6.03040,6.02850,0.06,0.11
10.02.2014 01:32:24.689,6.03070,6.02840,0.10,0.08
10.02.2014 01:32:28.594,6.03070,6.02830,0.08,0.09
10.02.2014 01:32:32.599,6.03050,6.02860,0.08,0.09
10.02.2014 01:33:02.636,6.03050,6.02870,0.06,0.08
10.02.2014 01:33:28.569,6.03080,6.02840,0.08,0.10
10.02.2014 01:33:32.574,6.03050,6.02850,0.11,0.11
10.02.2014 01:33:36.679,6.03030,6.02840,0.10,0.10
10.02.2014 01:33:42.686,6.03040,6.02860,0.06,0.10
10.02.2014 01:33:44.589,6.03040,6.02840,0.09,0.10
10.02.2014 01:33:46.591,6.03070,6.02850,0.10,0.08
10.02.2014 01:33:54.601,6.03060,6.02860,0.11,0.10
10.02.2014 01:33:56.603,6.03080,6.02860,0.08,0.08
10.02.2014 01:33:58.606,6.03090,6.02860,0.06,0.06
10.02.2014 01:34:00.608,6.03050,6.02840,0.08,0.08
10.02.2014 01:34:18.630,6.03070,6.02830,0.10,0.10
10.02.2014 01:34:20.632,6.03030,6.02830,0.11,0.11
10.02.2014 01:35:10.595,6.03030,6.02820,0.09,0.09
10.02.2014 01:35:36.628,6.03100,6.02820,0.10,0.09
10.02.2014 01:35:38.630,6.03050,6.02780,0.08,0.06
10.02.2014 01:36:40.607,6.03000,6.02790,0.11,0.11
10.02.2014 01:36:58.629,6.02980,6.02800,0.06,0.06
10.02.2014 01:38:56.667,6.02970,6.02790,0.11,0.06
10.02.2014 01:39:32.606,6.02980,6.02770,0.08,0.11
10.02.2014 01:39:34.608,6.02970,6.02760,0.09,0.09
10.02.2014 01:39:50.623,6.03000,6.02740,0.11,0.11
10.02.2014 01:39:56.629,6.03030,6.02770,0.11,0.09
10.02.2014 01:39:58.632,6.03000,6.02700,0.10,0.10
10.02.2014 01:40:00.634,6.02960,6.02760,0.08,0.08
10.02.2014 01:40:10.549,6.02970,6.02760,0.10,0.09
10.02.2014 01:40:20.659,6.02980,6.02790,0.08,0.10
10.02.2014 01:40:26.667,6.03030,6.02730,0.09,0.06
10.02.2014 01:40:30.671,6.02980,6.02780,0.11,0.08
10.02.2014 01:45:08.613,6.02980,6.02790,0.06,0.09
10.02.2014 01:47:00.656,6.03020,6.02780,0.08,0.06
10.02.2014 01:48:30.667,6.02960,6.02770,0.09,0.11
10.02.2014 01:48:32.668,6.02970,6.02780,0.10,0.09
10.02.2014 01:48:40.576,6.02990,6.02790,0.09,0.10
10.02.2014 01:50:10.580,6.03040,6.02820,0.06,0.09
10.02.2014 01:50:14.585,6.03030,6.02830,0.10,0.10
10.02.2014 01:50:20.592,6.03020,6.02800,0.11,0.10
10.02.2014 01:50:36.711,6.03040,6.02830,0.08,0.06
10.02.2014 01:50:56.635,6.03030,6.02840,0.09,0.09
10.02.2014 01:50:58.638,6.03040,6.02830,0.06,0.10
10.02.2014 01:51:12.655,6.03100,6.02800,0.10,0.11
10.02.2014 01:51:28.574,6.03030,6.02830,0.08,0.06
10.02.2014 01:51:50.601,6.03020,6.02840,0.08,0.11
10.02.2014 01:53:08.597,6.03030,6.02830,0.08,0.09
10.02.2014 01:53:10.600,6.03030,6.02810,0.06,0.06
10.02.2014 01:53:28.622,6.03060,6.02840,0.06,0.10
10.02.2014 01:53:30.624,6.03070,6.02850,0.08,0.09
10.02.2014 01:53:32.627,6.03060,6.02850,0.06,0.10
10.02.2014 01:54:32.601,6.03060,6.02840,0.06,0.09
10.02.2014 01:54:40.611,6.03050,6.02820,0.11,0.06
10.02.2014 01:55:44.589,6.03050,6.02870,0.11,0.06
10.02.2014 01:57:10.594,6.03110,6.02890,0.11,0.11
10.02.2014 01:57:26.614,6.03080,6.02880,0.09,0.11
10.02.2014 01:57:28.617,6.03150,6.02910,0.09,0.09
10.02.2014 01:57:30.619,6.03110,6.02850,0.08,0.11
10.02.2014 01:57:34.624,6.03110,6.02900,0.10,0.08
10.02.2014 01:57:44.636,6.03140,6.02940,0.08,0.10
10.02.2014 01:57:48.641,6.03140,6.02920,0.10,0.10
10.02.2014 01:57:52.646,6.03130,6.02880,0.06,0.08
10.02.2014 01:57:54.648,6.03200,6.02960,0.08,0.06
10.02.2014 01:58:00.656,6.03130,6.02950,0.06,0.08
10.02.2014 01:58:02.659,6.03130,6.02900,0.08,0.08
10.02.2014 01:58:04.561,6.03110,6.02890,0.11,0.06
10.02.2014 01:58:06.664,6.03110,6.02930,0.06,0.08
10.02.2014 01:58:10.569,6.03140,6.02880,0.06,0.06
10.02.2014 01:58:14.674,6.03120,6.02920,0.11,0.09
10.02.2014 01:58:34.600,6.03150,6.02850,0.10,0.08
10.02.2014 01:58:46.614,6.03130,6.02930,0.11,0.08
10.02.2014 01:59:04.636,6.03200,6.02880,0.11,0.06
10.02.2014 01:59:16.651,6.03130,6.02910,0.06,0.09
10.02.2014 01:59:26.662,6.03130,6.02930,0.09,0.11
10.02.2014 01:59:30.668,6.03160,6.02950,0.10,0.08
10.02.2014 01:59:32.670,6.03140,6.02930,0.06,0.06
10.02.2014 01:59:34.572,6.03130,6.02950,0.10,0.11
10.02.2014 01:59:36.674,6.03150,6.02930,0.06,0.11
10.02.2014 02:00:26.633,6.03140,6.02960,0.11,0.10
10.02.2014 02:00:30.638,6.03150,6.02940,0.10,0.08
10.02.2014 02:00:32.640,6.03140,6.02960,0.06,0.08
10.02.2014 02:01:06.682,6.03150,6.02950,0.10,0.10
10.02.2014 02:01:12.589,6.03150,6.02970,0.08,0.06
10.02.2014 02:01:22.601,6.03170,6.02970,0.06,0.09
10.02.2014 02:01:28.608,6.03180,6.02970,0.08,0.06
10.02.2014 02:01:30.711,6.03210,6.02990,0.09,0.10
10.02.2014 02:01:40.624,6.03230,6.02930,0.06,0.09
10.02.2014 02:01:42.626,6.03250,6.02950,0.10,0.06
10.02.2014 02:02:08.657,6.03180,6.02990,0.09,0.06
10.02.2014 02:02:18.670,6.03180,6.02970,0.11,0.09
10.02.2014 02:02:24.677,6.03170,6.02960,0.09,0.11
10.02.2014 02:02:36.592,6.03160,6.02970,0.08,0.09
10.02.2014 02:02:58.620,6.03180,6.02990,0.08,0.08
10.02.2014 02:03:02.624,6.03180,6.02950,0.08,0.09
10.02.2014 02:03:40.573,6.03200,6.02990,0.09,0.06
10.02.2014 02:04:16.616,6.03220,6.03020,0.11,0.09
10.02.2014 02:04:18.719,6.03200,6.02990,0.09,0.10
10.02.2014 02:04:48.655,6.03200,6.03020,0.08,0.09
10.02.2014 02:04:50.658,6.03200,6.03010,0.11,0.09
10.02.2014 02:04:54.663,6.03190,6.02980,0.08,0.10
10.02.2014 02:05:06.681,6.03200,6.03010,0.06,0.06
10.02.2014 02:05:08.683,6.03200,6.02980,0.11,0.10
10.02.2014 02:05:12.588,6.03210,6.02960,0.06,0.10
10.02.2014 02:05:16.594,6.03200,6.03000,0.09,0.10
10.02.2014 02:05:22.601,6.03200,6.03010,0.11,0.06
10.02.2014 02:05:32.614,6.03210,6.02980,0.06,0.08
10.02.2014 02:05:48.635,6.03200,6.02980,0.11,0.09
10.02.2014 02:06:02.650,6.03190,6.03000,0.08,0.06
10.02.2014 02:06:30.681,6.03200,6.03010,0.08,0.11
10.02.2014 02:06:38.692,6.03220,6.03020,0.06,0.06
10.02.2014 02:06:44.599,6.03230,6.03040,0.10,0.10
10.02.2014 02:06:52.609,6.03280,6.03020,0.09,0.06
10.02.2014 02:06:54.712,6.03240,6.03040,0.08,0.09
10.02.2014 02:06:56.614,6.03240,6.03050,0.06,0.09
10.02.2014 02:07:00.719,6.03260,6.03040,0.08,0.10
10.02.2014 02:07:06.626,6.03260,6.03060,0.06,0.06
10.02.2014 02:07:14.635,6.03250,6.03040,0.11,0.08
10.02.2014 02:07:16.638,6.03260,6.03030,0.08,0.08
10.02.2014 02:07:20.642,6.03260,6.03040,0.09,0.11
10.02.2014 02:07:24.547,6.03250,6.03030,0.11,0.11
10.02.2014 02:07:26.649,6.03260,6.03040,0.11,0.08
10.02.2014 02:07:30.654,6.03260,6.03030,0.11,0.09
10.02.2014 02:07:52.580,6.03250,6.03010,0.10,0.06
10.02.2014 02:08:00.690,6.03230,6.03040,0.08,0.10
10.02.2014 02:08:02.591,6.03250,6.03000,0.09,0.10
10.02.2014 02:08:14.606,6.03240,6.03020,0.09,0.06
10.02.2014 02:08:22.615,6.03220,6.03000,0.06,0.08
10.02.2014 02:09:02.665,6.03240,6.03030,0.09,0.06
10.02.2014 02:09:08.672,6.03230,6.03040,0.10,0.11
10.02.2014 02:10:00.635,6.03220,6.03020,0.11,0.06
10.02.2014 02:10:02.640,6.03240,6.03010,0.10,0.10
10.02.2014 02:10:14.652,6.03240,6.03030,0.09,0.09
10.02.2014 02:10:20.659,6.03230,6.03050,0.11,0.09
10.02.2014 02:10:24.663,6.03230,6.03010,0.11,0.08
10.02.2014 02:10:30.669,6.03220,6.03020,0.08,0.11
10.02.2014 02:10:44.684,6.03220,6.03040,0.09,0.06
10.02.2014 02:11:10.613,6.03280,6.02980,0.08,0.08
10.02.2014 02:13:08.654,6.03210,6.03020,0.09,0.08
10.02.2014 02:13:10.656,6.03220,6.03020,0.08,0.10
10.02.2014 02:13:16.563,6.03220,6.03010,0.11,0.10
10.02.2014 02:13:22.571,6.03220,6.03030,0.10,0.06
10.02.2014 02:20:02.672,6.03210,6.02980,0.08,0.10
10.02.2014 02:20:18.591,6.03200,6.03020,0.08,0.09
10.02.2014 02:20:30.706,6.03200,6.02980,0.09,0.10
10.02.2014 02:20:38.616,6.03200,6.03000,0.11,0.06
10.02.2014 02:20:40.618,6.03200,6.03020,0.08,0.10
10.02.2014 02:20:46.626,6.03200,6.03000,0.11,0.08
10.02.2014 02:20:58.640,6.03210,6.02990,0.11,0.11
10.02.2014 02:21:08.652,6.03190,6.03000,0.09,0.08
10.02.2014 02:21:18.665,6.03180,6.02980,0.06,0.08
10.02.2014 02:21:24.673,6.03190,6.03000,0.11,0.10
10.02.2014 02:23:16.600,6.03200,6.02990,0.08,0.09
10.02.2014 02:23:28.615,6.03180,6.03000,0.08,0.06
10.02.2014 02:23:38.627,6.03180,6.02990,0.10,0.08
10.02.2014 02:23:42.732,6.03200,6.02960,0.11,0.10
10.02.2014 02:23:44.634,6.03180,6.02960,0.11,0.09
10.02.2014 02:24:38.691,6.03180,6.02990,0.09,0.10
10.02.2014 02:24:44.697,6.03180,6.02950,0.11,0.10
10.02.2014 02:24:46.599,6.03180,6.02990,0.09,0.09
10.02.2014 02:25:24.641,6.03170,6.02960,0.11,0.09
10.02.2014 02:25:30.547,6.03140,6.02940,0.06,0.10
10.02.2014 02:25:38.655,6.03140,6.02950,0.10,0.09
10.02.2014 02:25:46.664,6.03140,6.02960,0.08,0.10
10.02.2014 02:25:50.668,6.03230,6.02930,0.08,0.06
10.02.2014 02:25:52.670,6.03200,6.02900,0.11,0.09
10.02.2014 02:26:52.634,6.03150,6.02950,0.11,0.06
10.02.2014 02:26:54.636,6.03150,6.02970,0.08,0.06
10.02.2014 02:26:56.638,6.03160,6.02970,0.09,0.06
10.02.2014 02:27:06.648,6.03150,6.02970,0.08,0.06
10.02.2014 02:27:14.657,6.03150,6.02940,0.06,0.10
10.02.2014 02:27:16.659,6.03180,6.02970,0.06,0.08
10.02.2014 02:27:22.666,6.03160,6.02950,0.08,0.10
10.02.2014 02:27:24.668,6.03170,6.02930,0.06,0.11
10.02.2014 02:27:32.678,6.03200,6.02990,0.06,0.08
10.02.2014 02:28:08.617,6.03170,6.02980,0.08,0.06
10.02.2014 02:28:10.619,6.03170,6.02990,0.06,0.10
10.02.2014 02:28:58.674,6.03170,6.02980,0.09,0.08
10.02.2014 02:29:08.683,6.03180,6.02950,0.06,0.09
10.02.2014 02:29:14.689,6.03160,6.02980,0.06,0.11
10.02.2014 02:29:42.718,6.03160,6.02960,0.06,0.11
10.02.2014 02:30:00.636,6.03170,6.02980,0.09,0.11
10.02.2014 02:30:40.585,6.03160,6.02960,0.08,0.06
10.02.2014 02:32:58.637,6.03190,6.03000,0.06,0.09
10.02.2014 02:33:04.644,6.03190,6.02950,0.08,0.09
10.02.2014 02:33:28.671,6.03250,6.02930,0.09,0.10
10.02.2014 02:34:32.645,6.03200,6.02980,0.11,0.10
10.02.2014 02:34:44.660,6.03240,6.03020,0.08,0.06
10.02.2014 02:34:52.670,6.03220,6.02990,0.11,0.08
10.02.2014 02:35:16.607,6.03220,6.03030,0.11,0.10
10.02.2014 02:35:48.750,6.03240,6.03010,0.10,0.06
10.02.2014 02:36:26.695,6.03240,6.02980,0.10,0.09
10.02.2014 02:36:28.597,6.03240,6.03050,0.09,0.08
10.02.2014 02:36:34.604,6.03240,6.03020,0.08,0.09
10.02.2014 02:36:44.714,6.03230,6.03010,0.11,0.11
10.02.2014 02:37:06.739,6.03230,6.03050,0.11,0.09
10.02.2014 02:37:14.648,6.03220,6.03000,0.08,0.06
10.02.2014 02:37:18.653,6.03230,6.03030,0.11,0.09
10.02.2014 02:37:20.655,6.03230,6.03050,0.06,0.11
10.02.2014 02:37:42.682,6.03230,6.03040,0.11,0.09
10.02.2014 02:39:10.687,6.03250,6.03050,0.09,0.09
10.02.2014 02:39:38.620,6.03250,6.03040,0.06,0.09
10.02.2014 02:39:40.622,6.03240,6.03060,0.08,0.10
10.02.2014 02:39:50.634,6.03250,6.03040,0.11,0.11
10.02.2014 02:39:52.637,6.03250,6.03070,0.08,0.06
10.02.2014 02:41:36.658,6.03250,6.03060,0.10,0.11
10.02.2014 02:41:46.669,6.03240,6.03060,0.08,0.08
10.02.2014 02:43:58.634,6.03250,6.03030,0.06,0.06
10.02.2014 02:46:32.624,6.03250,6.03030,0.08,0.08
10.02.2014 02:47:04.661,6.03250,6.03070,0.06,0.09
10.02.2014 02:47:06.663,6.03250,6.03060,0.09,0.11
10.02.2014 02:47:24.685,6.03260,6.03060,0.09,0.11
10.02.2014 02:47:28.690,6.03270,6.03060,0.10,0.09
10.02.2014 02:47:36.700,6.03270,6.03050,0.09,0.08
10.02.2014 02:48:12.745,6.03270,6.03040,0.09,0.10
10.02.2014 02:48:14.648,6.03280,6.03070,0.10,0.10
10.02.2014 02:49:12.620,6.03260,6.03050,0.11,0.10
10.02.2014 02:50:44.635,6.03280,6.03070,0.08,0.06
10.02.2014 02:52:28.658,6.03260,6.03040,0.09,0.09
10.02.2014 02:52:34.664,6.03250,6.03060,0.06,0.08
10.02.2014 02:52:50.682,6.03250,6.03070,0.11,0.11
10.02.2014 02:53:26.723,6.03230,6.03040,0.08,0.06
10.02.2014 02:53:36.734,6.03230,6.03030,0.10,0.11
10.02.2014 02:53:40.638,6.03220,6.03020,0.08,0.10
10.02.2014 02:53:46.645,6.03210,6.03000,0.09,0.06
10.02.2014 02:53:50.649,6.03250,6.03030,0.10,0.08
10.02.2014 02:53:54.754,6.03230,6.03040,0.11,0.10
10.02.2014 02:53:56.656,6.03230,6.03020,0.10,0.08
10.02.2014 02:53:58.658,6.03210,6.03010,0.11,0.10
10.02.2014 02:54:04.666,6.03200,6.03000,0.09,0.06
10.02.2014 02:54:06.668,6.03210,6.02990,0.10,0.08
10.02.2014 02:54:42.710,6.03210,6.03030,0.10,0.10
10.02.2014 02:55:40.682,6.03220,6.03010,0.11,0.09
10.02.2014 02:55:44.686,6.03220,6.03040,0.10,0.08
10.02.2014 02:55:52.695,6.03230,6.03040,0.10,0.11
10.02.2014 02:56:16.622,6.03230,6.03010,0.11,0.10
10.02.2014 02:56:22.629,6.03240,6.03050,0.10,0.08
10.02.2014 02:56:28.636,6.03230,6.03040,0.06,0.08
10.02.2014 02:56:30.738,6.03230,6.03030,0.11,0.08
10.02.2014 02:57:04.678,6.03230,6.03040,0.08,0.09
10.02.2014 02:57:48.732,6.03220,6.03030,0.06,0.11
10.02.2014 02:59:30.755,6.03230,6.03040,0.11,0.09
10.02.2014 03:03:50.651,6.03280,6.02980,0.06,0.11
10.02.2014 03:03:52.653,6.03300,6.03000,0.08,0.11
10.02.2014 03:05:02.645,6.03240,6.03040,0.11,0.09
10.02.2014 03:05:28.675,6.03230,6.03050,0.06,0.06
10.02.2014 03:05:44.695,6.03240,6.03050,0.06,0.09
10.02.2014 03:06:02.717,6.03250,6.03050,0.08,0.06
10.02.2014 03:06:04.619,6.03260,6.03070,0.09,0.10
10.02.2014 03:08:46.611,6.03260,6.03070,0.06,0.06
10.02.2014 03:08:48.714,6.03250,6.03070,0.10,0.08
10.02.2014 03:10:54.669,6.03240,6.03060,0.11,0.08
10.02.2014 03:11:18.700,6.03250,6.03050,0.11,0.06
10.02.2014 03:11:20.702,6.03240,6.03050,0.10,0.11
10.02.2014 03:11:28.613,6.03280,6.03060,0.08,0.09
10.02.2014 03:12:06.761,6.03280,6.03050,0.10,0.08
10.02.2014 03:12:50.714,6.03330,6.03030,0.10,0.08
10.02.2014 03:13:32.664,6.03260,6.03070,0.06,0.10
10.02.2014 03:13:48.685,6.03270,6.03060,0.10,0.08
10.02.2014 03:13:50.687,6.03260,6.03080,0.09,0.10
10.02.2014 03:13:52.690,6.03260,6.03070,0.06,0.11
10.02.2014 03:13:56.694,6.03300,6.03080,0.06,0.08
10.02.2014 03:14:00.598,6.03260,6.03070,0.10,0.10
10.02.2014 03:14:06.704,6.03310,6.03070,0.11,0.08
10.02.2014 03:14:14.714,6.03270,6.03080,0.08,0.11
10.02.2014 03:14:16.616,6.03310,6.03090,0.08,0.06
10.02.2014 03:20:42.690,6.03270,6.03080,0.10,0.11
10.02.2014 03:20:46.695,6.03260,6.03080,0.11,0.10
10.02.2014 03:20:52.702,6.03300,6.03030,0.08,0.06
10.02.2014 03:22:20.707,6.03260,6.03070,0.08,0.09
10.02.2014 03:22:22.709,6.03260,6.03080,0.10,0.10
10.02.2014 03:22:34.623,6.03260,6.03070,0.06,0.11
10.02.2014 03:22:42.732,6.03260,6.03080,0.08,0.06
10.02.2014 03:23:46.708,6.03250,6.03070,0.09,0.08
10.02.2014 03:23:58.624,6.03300,6.03080,0.10,0.09
10.02.2014 03:24:00.726,6.03260,6.03080,0.09,0.11
10.02.2014 03:24:14.743,6.03270,6.03070,0.08,0.10
10.02.2014 03:24:16.646,6.03300,6.03080,0.09,0.08
10.02.2014 03:24:18.649,6.03310,6.03080,0.10,0.11
10.02.2014 03:24:38.674,6.03330,6.03030,0.10,0.08
10.02.2014 03:25:16.624,6.03300,6.03090,0.11,0.08
10.02.2014 03:25:18.627,6.03300,6.03100,0.08,0.10
10.02.2014 03:25:22.632,6.03300,6.03110,0.10,0.11
10.02.2014 03:25:28.639,6.03330,6.03110,0.11,0.10
10.02.2014 03:25:32.744,6.03300,6.03100,0.08,0.06
10.02.2014 03:25:40.653,6.03300,6.03110,0.06,0.06
10.02.2014 03:25:48.763,6.03300,6.03090,0.11,0.08
10.02.2014 03:26:06.684,6.03290,6.03100,0.10,0.11
10.02.2014 03:26:18.699,6.03300,6.03070,0.08,0.09
10.02.2014 03:26:26.709,6.03290,6.03100,0.11,0.09
10.02.2014 03:26:28.712,6.03290,6.03110,0.08,0.09
10.02.2014 03:26:30.714,6.03300,6.03100,0.06,0.06
10.02.2014 03:26:32.716,6.03290,6.03110,0.09,0.08
10.02.2014 03:26:44.731,6.03290,6.03100,0.09,0.11
10.02.2014 03:27:30.687,6.03280,6.03090,0.11,0.10
10.02.2014 03:28:22.648,6.03280,6.03100,0.10,0.09
10.02.2014 03:29:00.589,6.03290,6.03100,0.06,0.06
10.02.2014 03:29:06.695,6.03340,6.03110,0.11,0.10
10.02.2014 03:29:08.697,6.03350,6.03120,0.10,0.09
10.02.2014 03:29:10.699,6.03320,6.03130,0.10,0.06
10.02.2014 03:29:18.708,6.03400,6.03110,0.10,0.09
10.02.2014 03:29:32.722,6.03350,6.03130,0.10,0.08
10.02.2014 03:29:34.624,6.03350,6.03140,0.11,0.08
10.02.2014 03:29:38.728,6.03340,6.03150,0.10,0.11
10.02.2014 03:30:04.661,6.03360,6.03150,0.09,0.11
10.02.2014 03:30:20.677,6.03360,6.03180,0.11,0.10
10.02.2014 03:30:30.689,6.03430,6.03130,0.10,0.08
10.02.2014 03:30:32.691,6.03370,6.03180,0.06,0.06
10.02.2014 03:30:36.696,6.03390,6.03200,0.08,0.11
10.02.2014 03:30:38.698,6.03390,6.03190,0.10,0.08
10.02.2014 03:30:40.700,6.03390,6.03200,0.11,0.06
10.02.2014 03:30:50.711,6.03400,6.03210,0.08,0.06
10.02.2014 03:30:52.713,6.03400,6.03200,0.09,0.08
10.02.2014 03:31:00.722,6.03410,6.03220,0.11,0.10
10.02.2014 03:31:04.627,6.03400,6.03170,0.09,0.11
10.02.2014 03:31:08.732,6.03390,6.03150,0.10,0.10
10.02.2014 03:31:14.740,6.03380,6.03170,0.09,0.08
10.02.2014 03:31:18.745,6.03370,6.03180,0.06,0.08
10.02.2014 03:31:24.751,6.03370,6.03190,0.09,0.08
10.02.2014 03:31:56.689,6.03380,6.03160,0.08,0.10
10.02.2014 03:31:58.692,6.03400,6.03190,0.11,0.09
10.02.2014 03:32:04.699,6.03370,6.03180,0.10,0.06
10.02.2014 03:32:34.634,6.03370,6.03160,0.08,0.09
10.02.2014 03:32:40.641,6.03350,6.03160,0.06,0.06
10.02.2014 03:33:50.727,6.03430,6.03130,0.09,0.08
10.02.2014 03:35:12.734,6.03360,6.03160,0.09,0.10
10.02.2014 03:35:16.639,6.03370,6.03170,0.06,0.10
10.02.2014 03:35:20.744,6.03370,6.03160,0.11,0.09
10.02.2014 03:36:30.731,6.03360,6.03170,0.06,0.11
10.02.2014 03:36:40.643,6.03370,6.03160,0.09,0.06
10.02.2014 03:38:38.688,6.03380,6.03150,0.09,0.11
10.02.2014 03:38:46.697,6.03330,6.03150,0.09,0.11
10.02.2014 03:38:48.700,6.03370,6.03140,0.09,0.06
10.02.2014 03:39:14.729,6.03340,6.03140,0.06,0.08
10.02.2014 03:39:36.757,6.03340,6.03130,0.09,0.08
10.02.2014 03:39:40.661,6.03340,6.03150,0.08,0.11
10.02.2014 03:39:42.764,6.03330,6.03150,0.08,0.06
10.02.2014 03:39:46.668,6.03330,6.03140,0.06,0.08
10.02.2014 03:39:58.683,6.03380,6.03150,0.11,0.09
10.02.2014 03:43:16.727,6.03350,6.03140,0.09,0.06
10.02.2014 03:45:00.743,6.03360,6.03130,0.09,0.09
10.02.2014 03:46:10.731,6.03340,6.03130,0.06,0.09
10.02.2014 03:47:56.758,6.03350,6.03150,0.06,0.09
10.02.2014 03:48:02.665,6.03370,6.03160,0.06,0.11
10.02.2014 03:49:56.705,6.03360,6.03170,0.11,0.09
10.02.2014 03:50:00.709,6.03370,6.03150,0.10,0.08
10.02.2014 03:50:06.620,6.03370,6.03190,0.11,0.08
10.02.2014 03:50:24.743,6.03360,6.03180,0.06,0.09
10.02.2014 03:51:30.722,6.03400,6.03160,0.11,0.08
10.02.2014 03:51:32.724,6.03450,6.03130,0.11,0.10
10.02.2014 03:51:38.731,6.03370,6.03180,0.11,0.10
10.02.2014 03:51:40.733,6.03410,6.03190,0.10,0.06
10.02.2014 03:52:26.684,6.03380,6.03190,0.08,0.09
10.02.2014 03:52:28.686,6.03380,6.03200,0.09,0.11
10.02.2014 03:52:30.788,6.03400,6.03200,0.08,0.10
10.02.2014 03:52:32.691,6.03370,6.03190,0.10,0.09
10.02.2014 03:52:38.698,6.03380,6.03190,0.11,0.06
10.02.2014 03:52:52.714,6.03410,6.03190,0.10,0.11
10.02.2014 03:52:54.717,6.03390,6.03190,0.06,0.11
10.02.2014 03:52:58.721,6.03390,6.03210,0.11,0.08
10.02.2014 03:53:40.668,6.03430,6.03200,0.09,0.06
10.02.2014 03:57:24.734,6.03390,6.03200,0.10,0.09
10.02.2014 03:57:56.674,6.03390,6.03190,0.08,0.08
10.02.2014 03:58:06.786,6.03390,6.03210,0.10,0.10
10.02.2014 03:58:16.698,6.03380,6.03200,0.11,0.11
10.02.2014 03:58:18.801,6.03390,6.03190,0.08,0.06
10.02.2014 03:58:32.717,6.03420,6.03190,0.09,0.06
10.02.2014 03:58:34.719,6.03420,6.03210,0.09,0.09
10.02.2014 03:58:40.727,6.03450,6.03210,0.10,0.06
10.02.2014 03:58:44.732,6.03400,6.03220,0.08,0.08
10.02.2014 03:59:10.664,6.03440,6.03200,0.10,0.10
10.02.2014 04:00:12.741,6.03410,6.03190,0.06,0.10
10.02.2014 04:00:24.754,6.03420,6.03220,0.09,0.09
10.02.2014 04:00:30.760,6.03440,6.03240,0.11,0.09
10.02.2014 04:01:34.730,6.03420,6.03240,0.08,0.10
10.02.2014 04:02:10.672,6.03480,6.03230,0.09,0.11
10.02.2014 04:02:12.775,6.03500,6.03200,0.10,0.08
10.02.2014 04:02:20.685,6.03420,6.03230,0.08,0.10
10.02.2014 04:02:36.705,6.03440,6.03230,0.10,0.10
10.02.2014 04:03:02.737,6.03420,6.03230,0.09,0.11
10.02.2014 04:03:34.677,6.03430,6.03240,0.06,0.09
10.02.2014 04:03:36.779,6.03440,6.03230,0.10,0.10
10.02.2014 04:04:02.711,6.03440,6.03240,0.09,0.06
10.02.2014 04:04:12.623,6.03490,6.03260,0.10,0.08
10.02.2014 04:05:52.645,6.03460,6.03270,0.11,0.11
10.02.2014 04:06:00.654,6.03480,6.03260,0.09,0.10
10.02.2014 04:06:02.757,6.03490,6.03280,0.11,0.10
10.02.2014 04:06:04.659,6.03550,6.03260,0.06,0.09
10.02.2014 04:06:56.718,6.03460,6.03270,0.10,0.09
10.02.2014 04:06:58.723,6.03470,6.03280,0.11,0.11
10.02.2014 04:07:04.728,6.03470,6.03290,0.11,0.11
10.02.2014 04:07:12.737,6.03460,6.03240,0.10,0.06
10.02.2014 04:10:24.765,6.03460,6.03250,0.10,0.09
10.02.2014 04:10:34.675,6.03450,6.03240,0.06,0.10
10.02.2014 04:10:40.681,6.03440,6.03230,0.11,0.11
10.02.2014 04:10:42.783,6.03450,6.03220,0.08,0.06
10.02.2014 04:10:44.686,6.03450,6.03250,0.09,0.10
10.02.2014 04:10:58.699,6.03530,6.03230,0.11,0.10
10.02.2014 04:11:04.705,6.03430,6.03250,0.11,0.10
10.02.2014 04:12:38.710,6.03420,6.03240,0.10,0.08
10.02.2014 04:22:48.796,6.03410,6.03220,0.09,0.09
10.02.2014 04:23:22.737,6.03410,6.03230,0.08,0.10
10.02.2014 04:24:08.693,6.03400,6.03210,0.08,0.10
10.02.2014 04:26:30.668,6.03410,6.03220,0.11,0.08
10.02.2014 04:27:04.709,6.03410,6.03200,0.10,0.11
10.02.2014 04:27:18.727,6.03420,6.03210,0.10,0.11
10.02.2014 04:30:58.687,6.03410,6.03210,0.06,0.08
10.02.2014 04:31:00.790,6.03420,6.03230,0.10,0.10
10.02.2014 04:32:38.708,6.03420,6.03230,0.10,0.10
10.02.2014 04:36:24.777,6.03440,6.03230,0.06,0.10
10.02.2014 04:37:08.723,6.03420,6.03170,0.10,0.06
10.02.2014 04:49:56.737,6.03410,6.03180,0.11,0.11
10.02.2014 04:52:30.825,6.03410,6.03230,0.08,0.10
10.02.2014 04:55:28.730,6.03420,6.03230,0.09,0.09
10.02.2014 05:00:58.731,6.03390,6.03210,0.08,0.08
10.02.2014 05:06:24.704,6.03390,6.03210,0.09,0.10
10.02.2014 05:06:50.831,6.03410,6.03220,0.09,0.10
10.02.2014 05:12:08.804,6.03450,6.03180,0.10,0.09
10.02.2014 05:12:58.762,6.03410,6.03210,0.10,0.11
10.02.2014 05:14:42.687,6.03400,6.03210,0.09,0.10
10.02.2014 05:22:30.738,6.03400,6.03220,0.09,0.10
10.02.2014 05:26:24.721,6.03410,6.03210,0.06,0.06
10.02.2014 05:26:26.823,6.03400,6.03220,0.06,0.06
10.02.2014 05:26:34.733,6.03400,6.03210,0.08,0.09
10.02.2014 05:27:02.766,6.03410,6.03210,0.09,0.10
10.02.2014 05:27:52.826,6.03400,6.03220,0.10,0.09
10.02.2014 05:40:12.796,6.03400,6.03200,0.11,0.06
10.02.2014 05:40:18.803,6.03390,6.03210,0.09,0.11
10.02.2014 05:45:04.843,6.03390,6.03210,0.06,0.09
10.02.2014 05:45:40.779,6.03430,6.03200,0.09,0.09
10.02.2014 05:45:50.790,6.03460,6.03220,0.11,0.09
10.02.2014 05:53:08.787,6.03400,6.03210,0.11,0.11
10.02.2014 05:53:10.789,6.03450,6.03210,0.08,0.09
10.02.2014 05:53:22.801,6.03450,6.03150,0.06,0.11
10.02.2014 05:53:30.810,6.03460,6.03220,0.11,0.08
10.02.2014 05:53:46.829,6.03500,6.03200,0.11,0.10
10.02.2014 05:55:40.762,6.03450,6.03210,0.06,0.10
10.02.2014 05:55:46.768,6.03400,6.03220,0.10,0.09
10.02.2014 05:57:56.723,6.03450,6.03150,0.10,0.10
10.02.2014 05:58:00.728,6.03460,6.03220,0.09,0.10
10.02.2014 05:58:16.847,6.03480,6.03180,0.08,0.11
10.02.2014 05:58:18.750,6.03500,6.03200,0.11,0.08
10.02.2014 05:58:42.780,6.03400,6.03210,0.08,0.06
10.02.2014 05:58:50.790,6.03480,6.03180,0.09,0.06
10.02.2014 05:58:52.793,6.03450,6.03150,0.10,0.09
10.02.2014 06:00:32.812,6.03400,6.03210,0.06,0.11
10.02.2014 06:01:30.782,6.03450,6.03220,0.10,0.06
10.02.2014 06:01:44.799,6.03480,6.03180,0.10,0.09
10.02.2014 06:01:46.801,6.03500,6.03200,0.11,0.09
10.02.2014 06:01:52.809,6.03420,6.03220,0.08,0.10
10.02.2014 06:05:26.771,6.03420,6.03230,0.10,0.11
10.02.2014 06:05:30.776,6.03430,6.03250,0.11,0.10
10.02.2014 06:05:32.778,6.03430,6.03230,0.10,0.10
10.02.2014 06:05:36.783,6.03440,6.03250,0.09,0.06
10.02.2014 06:05:48.798,6.03460,6.03240,0.08,0.08
10.02.2014 06:05:50.800,6.03440,6.03250,0.10,0.08
10.02.2014 06:05:52.802,6.03480,6.03240,0.09,0.11
10.02.2014 06:06:02.814,6.03430,6.03240,0.10,0.10
10.02.2014 06:06:12.827,6.03430,6.03260,0.09,0.11
10.02.2014 06:06:24.841,6.03440,6.03260,0.10,0.06
10.02.2014 06:07:46.835,6.03470,6.03260,0.10,0.06
10.02.2014 06:08:08.757,6.03440,6.03260,0.10,0.09
10.02.2014 06:08:18.769,6.03450,6.03260,0.11,0.08
10.02.2014 06:08:20.771,6.03440,6.03250,0.09,0.10
10.02.2014 06:08:24.776,6.03430,6.03260,0.09,0.09
10.02.2014 06:09:56.782,6.03470,6.03280,0.11,0.11
10.02.2014 06:10:00.787,6.03500,6.03270,0.06,0.10
10.02.2014 06:10:26.815,6.03530,6.03230,0.06,0.11
10.02.2014 06:10:36.827,6.03470,6.03280,0.06,0.06
10.02.2014 06:12:04.829,6.03460,6.03270,0.09,0.10
10.02.2014 06:12:26.755,6.03460,6.03280,0.10,0.08
10.02.2014 06:12:30.759,6.03470,6.03280,0.09,0.08
10.02.2014 06:12:36.767,6.03500,6.03260,0.09,0.08
10.02.2014 06:12:54.789,6.03500,6.03270,0.08,0.10
10.02.2014 06:12:56.791,6.03460,6.03280,0.08,0.10
10.02.2014 06:13:02.798,6.03520,6.03290,0.08,0.11
10.02.2014 06:13:52.857,6.03530,6.03280,0.11,0.06
10.02.2014 06:14:00.767,6.03470,6.03290,0.06,0.10
10.02.2014 06:14:06.773,6.03470,6.03280,0.08,0.11
10.02.2014 06:14:12.780,6.03510,6.03280,0.06,0.10
10.02.2014 06:14:42.816,6.03460,6.03280,0.09,0.08
10.02.2014 06:14:44.818,6.03450,6.03260,0.11,0.11
10.02.2014 06:14:48.823,6.03440,6.03250,0.08,0.09
10.02.2014 06:15:18.760,6.03440,6.03260,0.08,0.08
10.02.2014 06:15:22.865,6.03510,6.03260,0.11,0.10
10.02.2014 06:15:32.777,6.03500,6.03270,0.10,0.08
10.02.2014 06:15:54.804,6.03490,6.03270,0.06,0.08
10.02.2014 06:17:58.852,6.03470,6.03280,0.09,0.08
10.02.2014 06:18:12.768,6.03460,6.03280,0.10,0.06
10.02.2014 06:18:16.872,6.03500,6.03280,0.06,0.06
10.02.2014 06:18:22.879,6.03520,6.03290,0.08,0.09
10.02.2014 06:18:30.789,6.03470,6.03270,0.08,0.09
10.02.2014 06:18:32.791,6.03510,6.03280,0.10,0.10
10.02.2014 06:18:50.812,6.03470,6.03280,0.10,0.09
10.02.2014 06:18:52.814,6.03520,6.03290,0.08,0.09
10.02.2014 06:21:12.761,6.03470,6.03280,0.06,0.09
10.02.2014 06:22:50.780,6.03470,6.03290,0.09,0.06
10.02.2014 06:24:34.801,6.03470,6.03290,0.10,0.11
10.02.2014 06:26:22.826,6.03460,6.03280,0.06,0.09
10.02.2014 06:27:18.792,6.03470,6.03280,0.08,0.08
10.02.2014 06:28:04.848,6.03500,6.03290,0.11,0.09
10.02.2014 06:28:14.758,6.03490,6.03270,0.11,0.10
10.02.2014 06:28:16.861,6.03490,6.03290,0.11,0.10
10.02.2014 06:30:06.793,6.03500,6.03320,0.06,0.06
10.02.2014 06:30:22.812,6.03540,6.03320,0.09,0.11
10.02.2014 06:30:44.739,6.03510,6.03330,0.08,0.08
10.02.2014 06:30:56.754,6.03520,6.03320,0.06,0.09
10.02.2014 06:31:06.766,6.03510,6.03320,0.09,0.08
10.02.2014 06:33:56.767,6.03530,6.03320,0.08,0.06
10.02.2014 06:34:10.883,6.03510,6.03320,0.08,0.08
10.02.2014 06:34:12.786,6.03520,6.03320,0.11,0.11
10.02.2014 06:34:18.793,6.03520,6.03310,0.09,0.10
10.02.2014 06:34:22.798,6.03540,6.03340,0.06,0.08
10.02.2014 06:34:24.801,6.03520,6.03330,0.10,0.10
10.02.2014 06:34:34.813,6.03570,6.03350,0.11,0.10
10.02.2014 06:34:42.822,6.03550,6.03340,0.11,0.09
10.02.2014 06:36:34.860,6.03560,6.03330,0.10,0.06
10.02.2014 06:36:48.876,6.03510,6.03320,0.08,0.06
10.02.2014 06:37:18.811,6.03510,6.03310,0.10,0.10
10.02.2014 06:37:30.826,6.03520,6.03310,0.08,0.08
10.02.2014 06:37:36.833,6.03520,6.03330,0.09,0.09
10.02.2014 06:37:40.838,6.03550,6.03330,0.06,0.08
10.02.2014 06:37:44.843,6.03570,6.03340,0.08,0.06
10.02.2014 06:38:58.735,6.03550,6.03340,0.11,0.10
10.02.2014 06:40:46.864,6.03580,6.03360,0.10,0.10
10.02.2014 06:40:48.866,6.03550,6.03360,0.06,0.10
10.02.2014 06:41:06.884,6.03550,6.03370,0.09,0.06
10.02.2014 06:42:46.897,6.03550,6.03350,0.11,0.08
10.02.2014 06:42:56.809,6.03550,6.03330,0.11,0.08
10.02.2014 06:43:26.844,6.03580,6.03340,0.08,0.11
10.02.2014 06:43:48.870,6.03570,6.03360,0.09,0.10
10.02.2014 06:44:06.791,6.03580,6.03350,0.06,0.10
10.02.2014 06:44:40.732,6.03580,6.03360,0.11,0.06
10.02.2014 06:44:48.841,6.03580,6.03370,0.09,0.11
10.02.2014 06:44:50.844,6.03580,6.03360,0.06,0.06
10.02.2014 06:44:52.847,6.03590,6.03350,0.09,0.06
10.02.2014 06:44:54.849,6.03590,6.03360,0.10,0.09
10.02.2014 06:51:38.825,6.03540,6.03360,0.06,0.09
10.02.2014 06:52:06.859,6.03540,6.03340,0.10,0.06
10.02.2014 06:52:10.863,6.03540,6.03360,0.11,0.06
10.02.2014 06:52:42.895,6.03530,6.03350,0.09,0.06
10.02.2014 06:53:42.863,6.03590,6.03360,0.08,0.11
10.02.2014 06:53:56.779,6.03610,6.03370,0.08,0.08
10.02.2014 06:54:38.828,6.03560,6.03380,0.06,0.06
10.02.2014 06:54:40.831,6.03590,6.03370,0.06,0.09
10.02.2014 06:54:42.833,6.03590,6.03380,0.06,0.06
10.02.2014 06:54:44.836,6.03590,6.03370,0.10,0.06
10.02.2014 06:55:02.860,6.03600,6.03370,0.06,0.10
10.02.2014 06:55:24.885,6.03550,6.03360,0.11,0.08
10.02.2014 06:55:30.892,6.03600,6.03380,0.08,0.11
10.02.2014 06:55:40.905,6.03550,6.03370,0.08,0.11
10.02.2014 06:55:42.807,6.03550,6.03360,0.06,0.11
10.02.2014 06:55:54.821,6.03600,6.03380,0.10,0.09
10.02.2014 06:55:56.823,6.03620,6.03380,0.06,0.11
10.02.2014 06:56:30.865,6.03590,6.03390,0.10,0.10
10.02.2014 06:56:34.770,6.03590,6.03400,0.11,0.11
10.02.2014 06:56:36.872,6.03630,6.03410,0.11,0.06
10.02.2014 06:57:32.839,6.03610,6.03430,0.10,0.09
10.02.2014 06:57:36.844,6.03630,6.03390,0.08,0.06
10.02.2014 06:57:46.857,6.03620,6.03430,0.08,0.11
10.02.2014 06:58:36.814,6.03620,6.03440,0.11,0.09
10.02.2014 06:58:48.829,6.03620,6.03410,0.11,0.08
10.02.2014 06:59:02.846,6.03620,6.03420,0.11,0.09
10.02.2014 06:59:20.867,6.03610,6.03430,0.09,0.10
10.02.2014 07:00:38.864,6.03660,6.03430,0.06,0.11
10.02.2014 07:00:42.869,6.03670,6.03450,0.08,0.10
10.02.2014 07:00:46.874,6.03690,6.03450,0.09,0.11
10.02.2014 07:01:24.821,6.03690,6.03470,0.06,0.08
10.02.2014 07:01:40.840,6.03650,6.03470,0.09,0.10
10.02.2014 07:01:42.842,6.03690,6.03470,0.06,0.08
10.02.2014 07:01:54.856,6.03690,6.03480,0.06,0.11
10.02.2014 07:02:08.772,6.03660,6.03480,0.06,0.06
10.02.2014 07:02:20.785,6.03690,6.03480,0.09,0.09
10.02.2014 07:02:22.887,6.03690,6.03490,0.10,0.09
10.02.2014 07:02:26.791,6.03680,6.03490,0.11,0.08
10.02.2014 07:02:30.896,6.03700,6.03500,0.08,0.11
10.02.2014 07:02:32.798,6.03710,6.03500,0.11,0.06
10.02.2014 07:02:44.810,6.03700,6.03500,0.08,0.06
10.02.2014 07:02:48.814,6.03730,6.03510,0.11,0.10
10.02.2014 07:03:12.839,6.03710,6.03510,0.10,0.08
10.02.2014 07:03:14.841,6.03720,6.03520,0.09,0.06
10.02.2014 07:03:18.845,6.03720,6.03510,0.08,0.10
10.02.2014 07:03:24.852,6.03730,6.03530,0.06,0.10
10.02.2014 07:03:26.854,6.03750,6.03530,0.11,0.06
10.02.2014 07:03:34.863,6.03710,6.03520,0.08,0.06
10.02.2014 07:03:36.866,6.03760,6.03530,0.09,0.08
10.02.2014 07:03:44.776,6.03720,6.03520,0.10,0.06
10.02.2014 07:03:46.878,6.03750,6.03540,0.08,0.11
10.02.2014 07:03:56.790,6.03760,6.03540,0.10,0.11
10.02.2014 07:04:00.895,6.03750,6.03540,0.09,0.06
10.02.2014 07:04:02.797,6.03740,6.03540,0.09,0.08
10.02.2014 07:04:08.804,6.03750,6.03540,0.09,0.11
10.02.2014 07:04:10.906,6.03740,6.03560,0.11,0.08
10.02.2014 07:04:46.851,6.03740,6.03540,0.09,0.06
10.02.2014 07:04:52.858,6.03740,6.03560,0.06,0.06
10.02.2014 07:04:54.861,6.03730,6.03530,0.11,0.08
10.02.2014 07:05:04.875,6.03740,6.03550,0.11,0.10
10.02.2014 07:05:10.782,6.03740,6.03540,0.08,0.08
10.02.2014 07:05:28.801,6.03730,6.03540,0.06,0.10
10.02.2014 07:05:38.811,6.03780,6.03530,0.10,0.06
10.02.2014 07:05:48.820,6.03770,6.03570,0.06,0.11
10.02.2014 07:05:54.827,6.03740,6.03560,0.08,0.08
10.02.2014 07:05:56.829,6.03750,6.03560,0.06,0.08
10.02.2014 07:06:16.850,6.03760,6.03570,0.08,0.10
10.02.2014 07:06:20.854,6.03760,6.03580,0.06,0.08
10.02.2014 07:06:46.884,6.03760,6.03570,0.08,0.09
10.02.2014 07:07:16.918,6.03760,6.03560,0.08,0.06
10.02.2014 07:08:02.774,6.03850,6.03550,0.10,0.09
10.02.2014 07:08:20.792,6.03760,6.03570,0.10,0.09
10.02.2014 07:08:22.895,6.03770,6.03560,0.06,0.06
10.02.2014 07:08:46.924,6.03770,6.03570,0.10,0.08
10.02.2014 07:08:56.836,6.03800,6.03580,0.10,0.11
10.02.2014 07:09:00.841,6.03780,6.03580,0.11,0.08
10.02.2014 07:09:10.852,6.03810,6.03600,0.11,0.09
10.02.2014 07:09:12.854,6.03810,6.03590,0.09,0.11
10.02.2014 07:09:16.859,6.03810,6.03610,0.11,0.08
10.02.2014 07:09:18.862,6.03790,6.03590,0.11,0.08
10.02.2014 07:09:20.864,6.03800,6.03580,0.08,0.06
10.02.2014 07:09:22.867,6.03820,6.03600,0.08,0.06
10.02.2014 07:09:28.874,6.03790,6.03580,0.08,0.08
10.02.2014 07:10:14.832,6.03820,6.03610,0.10,0.11
10.02.2014 07:10:18.837,6.03820,6.03580,0.10,0.11
10.02.2014 07:10:28.853,6.03800,6.03580,0.09,0.09
10.02.2014 07:10:56.787,6.03790,6.03570,0.09,0.11
10.02.2014 07:12:02.864,6.03800,6.03550,0.06,0.10
10.02.2014 07:12:04.866,6.03770,6.03570,0.08,0.10
10.02.2014 07:12:38.806,6.03810,6.03600,0.11,0.09
10.02.2014 07:13:08.840,6.03790,6.03550,0.08,0.11
10.02.2014 07:13:28.863,6.03780,6.03550,0.06,0.08
10.02.2014 07:13:38.876,6.03810,6.03590,0.10,0.10
10.02.2014 07:13:40.878,6.03790,6.03590,0.11,0.10
10.02.2014 07:13:48.888,6.03780,6.03540,0.06,0.09
10.02.2014 07:13:52.893,6.03770,6.03580,0.08,0.06
10.02.2014 07:13:54.895,6.03760,6.03550,0.09,0.09
10.02.2014 07:14:02.804,6.03750,6.03530,0.06,0.09
10.02.2014 07:14:04.907,6.03750,6.03510,0.10,0.10
10.02.2014 07:14:06.909,6.03740,6.03520,0.06,0.09
10.02.2014 07:14:10.812,6.03760,6.03560,0.06,0.10
10.02.2014 07:14:18.821,6.03740,6.03540,0.09,0.09
10.02.2014 07:14:32.834,6.03740,6.03560,0.11,0.08
10.02.2014 07:14:38.840,6.03750,6.03550,0.08,0.11
10.02.2014 07:14:42.844,6.03830,6.03530,0.10,0.06
10.02.2014 07:14:44.846,6.03750,6.03560,0.11,0.11
10.02.2014 07:15:52.926,6.03740,6.03560,0.09,0.08
10.02.2014 07:15:54.828,6.03750,6.03530,0.10,0.11
10.02.2014 07:15:58.933,6.03740,6.03520,0.09,0.08
10.02.2014 07:16:26.865,6.03730,6.03500,0.06,0.11
10.02.2014 07:16:28.868,6.03720,6.03500,0.08,0.10
10.02.2014 07:16:38.880,6.03750,6.03530,0.06,0.08
10.02.2014 07:16:48.892,6.03720,6.03480,0.08,0.11
10.02.2014 07:16:50.794,6.03750,6.03480,0.10,0.08
10.02.2014 07:16:52.897,6.03710,6.03500,0.09,0.10
10.02.2014 07:16:56.801,6.03730,6.03520,0.09,0.11
10.02.2014 07:17:00.906,6.03710,6.03510,0.06,0.10
10.02.2014 07:17:02.808,6.03710,6.03530,0.06,0.10
10.02.2014 07:17:04.911,6.03710,6.03520,0.06,0.09
10.02.2014 07:17:08.815,6.03740,6.03530,0.09,0.10
10.02.2014 07:17:14.822,6.03730,6.03520,0.06,0.10
10.02.2014 07:17:16.925,6.03740,6.03540,0.10,0.10
10.02.2014 07:17:18.827,6.03770,6.03540,0.11,0.09
10.02.2014 07:17:20.829,6.03740,6.03520,0.06,0.08
10.02.2014 07:17:30.841,6.03720,6.03540,0.09,0.06
10.02.2014 07:17:42.856,6.03730,6.03530,0.06,0.10
10.02.2014 07:18:06.885,6.03720,6.03540,0.10,0.06
10.02.2014 07:18:34.918,6.03800,6.03500,0.09,0.06
10.02.2014 07:18:44.830,6.03730,6.03530,0.11,0.08
10.02.2014 07:19:02.851,6.03720,6.03540,0.06,0.06
10.02.2014 07:19:04.854,6.03730,6.03530,0.06,0.08
10.02.2014 07:19:06.856,6.03750,6.03540,0.06,0.09
10.02.2014 07:19:38.796,6.03760,6.03520,0.06,0.11
10.02.2014 07:19:40.798,6.03720,6.03540,0.11,0.11
10.02.2014 07:19:44.802,6.03720,6.03510,0.11,0.11
10.02.2014 07:19:46.905,6.03720,6.03540,0.06,0.10
10.02.2014 07:20:00.820,6.03710,6.03480,0.10,0.09
10.02.2014 07:20:06.829,6.03710,6.03510,0.08,0.10
10.02.2014 07:20:10.933,6.03730,6.03510,0.11,0.10
10.02.2014 07:20:16.940,6.03710,6.03530,0.10,0.09
10.02.2014 07:20:50.882,6.03720,6.03490,0.10,0.09
10.02.2014 07:20:54.886,6.03710,6.03480,0.09,0.09
10.02.2014 07:20:58.891,6.03730,6.03480,0.08,0.09
10.02.2014 07:21:18.915,6.03710,6.03500,0.09,0.11
10.02.2014 07:21:20.817,6.03680,6.03470,0.06,0.06
10.02.2014 07:21:24.821,6.03670,6.03480,0.08,0.09
10.02.2014 07:21:38.836,6.03670,6.03470,0.09,0.10
10.02.2014 07:21:54.854,6.03660,6.03480,0.10,0.09
10.02.2014 07:21:56.857,6.03670,6.03460,0.09,0.08
10.02.2014 07:21:58.859,6.03700,6.03490,0.11,0.09
10.02.2014 07:22:02.864,6.03670,6.03450,0.08,0.10
10.02.2014 07:22:04.766,6.03680,6.03440,0.06,0.10
10.02.2014 07:22:06.869,6.03660,6.03440,0.09,0.08
10.02.2014 07:22:12.876,6.03660,6.03470,0.08,0.08
10.02.2014 07:22:14.878,6.03650,6.03420,0.06,0.08
10.02.2014 07:22:16.880,6.03640,6.03430,0.11,0.09
10.02.2014 07:22:22.888,6.03630,6.03440,0.08,0.11
10.02.2014 07:22:24.890,6.03660,6.03440,0.06,0.08
10.02.2014 07:22:26.792,6.03660,6.03430,0.10,0.11
10.02.2014 07:22:38.807,6.03660,6.03440,0.09,0.06
10.02.2014 07:22:40.910,6.03670,6.03440,0.06,0.11
10.02.2014 07:22:42.912,6.03730,6.03430,0.11,0.10
10.02.2014 07:22:44.815,6.03700,6.03400,0.11,0.08
10.02.2014 07:23:08.843,6.03640,6.03410,0.10,0.09
10.02.2014 07:23:54.897,6.03650,6.03450,0.09,0.10
10.02.2014 07:24:02.807,6.03640,6.03460,0.06,0.08
10.02.2014 07:24:06.912,6.03650,6.03450,0.08,0.10
10.02.2014 07:24:10.916,6.03640,6.03450,0.11,0.11
10.02.2014 07:24:18.827,6.03640,6.03460,0.08,0.10
10.02.2014 07:24:20.828,6.03650,6.03460,0.10,0.11
10.02.2014 07:24:32.842,6.03640,6.03460,0.10,0.11
10.02.2014 07:24:58.873,6.03650,6.03450,0.08,0.06
10.02.2014 07:25:22.905,6.03660,6.03470,0.08,0.08
10.02.2014 07:25:28.912,6.03700,6.03480,0.10,0.08
10.02.2014 07:25:38.821,6.03660,6.03480,0.06,0.09
10.02.2014 07:25:50.833,6.03690,6.03460,0.11,0.10
10.02.2014 07:25:52.934,6.03670,6.03480,0.09,0.06
10.02.2014 07:25:58.940,6.03700,6.03470,0.06,0.06
10.02.2014 07:26:00.842,6.03660,6.03470,0.06,0.06
10.02.2014 07:26:54.906,6.03700,6.03470,0.11,0.11
10.02.2014 07:27:24.844,6.03690,6.03490,0.09,0.06
10.02.2014 07:27:56.883,6.03690,6.03510,0.08,0.06
10.02.2014 07:29:06.872,6.03700,6.03500,0.09,0.11
10.02.2014 07:29:10.876,6.03690,6.03510,0.08,0.11
10.02.2014 07:29:20.888,6.03680,6.03450,0.08,0.06
10.02.2014 07:29:22.890,6.03680,6.03490,0.10,0.11
10.02.2014 07:29:32.803,6.03690,6.03470,0.06,0.08
10.02.2014 07:29:36.908,6.03700,6.03490,0.09,0.10
10.02.2014 07:31:16.833,6.03690,6.03480,0.10,0.08
10.02.2014 07:31:20.838,6.03700,6.03470,0.10,0.06
10.02.2014 07:31:22.940,6.03680,6.03490,0.09,0.08
10.02.2014 07:31:26.845,6.03690,6.03480,0.08,0.06
10.02.2014 07:32:32.825,6.03700,6.03500,0.11,0.09
10.02.2014 07:32:36.831,6.03710,6.03480,0.06,0.06
10.02.2014 07:32:40.936,6.03710,6.03510,0.08,0.06
10.02.2014 07:32:44.841,6.03720,6.03510,0.08,0.10
10.02.2014 07:32:48.846,6.03710,6.03520,0.09,0.08
10.02.2014 07:33:20.884,6.03700,6.03480,0.09,0.09
10.02.2014 07:33:22.886,6.03710,6.03510,0.09,0.11
10.02.2014 07:33:40.907,6.03700,6.03490,0.08,0.08
10.02.2014 07:34:42.873,6.03710,6.03520,0.08,0.06
10.02.2014 07:34:50.881,6.03720,6.03500,0.09,0.06
10.02.2014 07:35:08.802,6.03740,6.03520,0.11,0.06
10.02.2014 07:35:14.809,6.03720,6.03530,0.10,0.10
10.02.2014 07:35:20.815,6.03770,6.03530,0.08,0.09
10.02.2014 07:35:42.838,6.03750,6.03530,0.08,0.09
10.02.2014 07:35:44.839,6.03730,6.03520,0.06,0.09
10.02.2014 07:35:46.941,6.03740,6.03520,0.09,0.06
10.02.2014 07:35:48.843,6.03730,6.03520,0.08,0.09
10.02.2014 07:35:52.947,6.03740,6.03530,0.10,0.10
10.02.2014 07:35:58.954,6.03750,6.03530,0.08,0.06
10.02.2014 07:36:00.856,6.03770,6.03540,0.11,0.09
10.02.2014 07:36:02.858,6.03750,6.03540,0.06,0.08
10.02.2014 07:36:04.860,6.03770,6.03550,0.11,0.09
10.02.2014 07:36:08.864,6.03770,6.03560,0.08,0.10
10.02.2014 07:36:10.866,6.03780,6.03530,0.08,0.08
10.02.2014 07:36:16.872,6.03780,6.03570,0.08,0.08
10.02.2014 07:36:20.876,6.03780,6.03540,0.10,0.08
10.02.2014 07:36:32.887,6.03780,6.03480,0.09,0.10
10.02.2014 07:36:46.902,6.03780,6.03560,0.08,0.11
10.02.2014 07:36:58.914,6.03760,6.03570,0.10,0.06
10.02.2014 07:37:12.829,6.03770,6.03560,0.10,0.09
10.02.2014 07:37:20.839,6.03760,6.03530,0.09,0.11
10.02.2014 07:37:22.941,6.03780,6.03550,0.06,0.08
10.02.2014 07:37:28.948,6.03760,6.03550,0.06,0.11
10.02.2014 07:37:30.851,6.03750,6.03560,0.08,0.11
10.02.2014 07:37:34.855,6.03780,6.03560,0.09,0.06
10.02.2014 07:37:40.863,6.03800,6.03560,0.10,0.10
10.02.2014 07:38:36.829,6.03800,6.03590,0.11,0.06
10.02.2014 07:38:38.831,6.03780,6.03590,0.11,0.08
10.02.2014 07:38:42.836,6.03810,6.03550,0.11,0.08
10.02.2014 07:38:56.853,6.03810,6.03590,0.06,0.06
10.02.2014 07:39:04.863,6.03820,6.03570,0.11,0.09
10.02.2014 07:39:14.875,6.03810,6.03580,0.08,0.11
10.02.2014 07:41:02.802,6.03820,6.03580,0.10,0.06
10.02.2014 07:41:20.823,6.03820,6.03570,0.08,0.06
10.02.2014 07:42:14.887,6.03780,6.03580,0.09,0.10
10.02.2014 07:42:30.905,6.03770,6.03580,0.06,0.10
10.02.2014 07:42:50.829,6.03780,6.03570,0.08,0.06
10.02.2014 07:43:04.945,6.03770,6.03570,0.06,0.08
10.02.2014 07:43:22.866,6.03800,6.03550,0.10,0.09
10.02.2014 07:43:26.871,6.03790,6.03570,0.06,0.08
10.02.2014 07:43:42.890,6.03760,6.03570,0.10,0.11
10.02.2014 07:43:50.800,6.03800,6.03570,0.11,0.11
10.02.2014 07:43:54.905,6.03780,6.03570,0.08,0.09
10.02.2014 07:44:00.912,6.03790,6.03570,0.11,0.10
10.02.2014 07:44:04.817,6.03760,6.03560,0.09,0.09
10.02.2014 07:44:10.925,6.03790,6.03560,0.10,0.06
10.02.2014 07:44:14.830,6.03800,6.03550,0.08,0.09
10.02.2014 07:44:26.845,6.03740,6.03540,0.06,0.06
10.02.2014 07:44:34.955,6.03750,6.03540,0.08,0.10
10.02.2014 07:45:40.937,6.03770,6.03530,0.06,0.11
10.02.2014 07:45:44.842,6.03760,6.03540,0.10,0.10
10.02.2014 07:45:50.848,6.03780,6.03540,0.10,0.09
10.02.2014 07:45:54.852,6.03730,6.03540,0.09,0.08
10.02.2014 07:47:12.835,6.03750,6.03520,0.08,0.09
10.02.2014 07:47:14.837,6.03730,6.03530,0.10,0.10
10.02.2014 07:47:18.842,6.03720,6.03530,0.06,0.11
10.02.2014 07:49:00.853,6.03780,6.03540,0.08,0.11
10.02.2014 07:49:02.855,6.03740,6.03530,0.09,0.06
10.02.2014 07:49:10.962,6.03760,6.03550,0.09,0.09
10.02.2014 07:49:26.880,6.03740,6.03540,0.06,0.09
10.02.2014 07:49:38.892,6.03760,6.03530,0.09,0.08
10.02.2014 07:49:44.899,6.03740,6.03530,0.11,0.10
10.02.2014 07:49:52.807,6.03740,6.03520,0.10,0.08
10.02.2014 07:51:40.921,6.03770,6.03540,0.09,0.10
10.02.2014 07:51:52.935,6.03750,6.03520,0.11,0.10
10.02.2014 07:52:52.905,6.03740,6.03540,0.10,0.10
10.02.2014 07:54:32.821,6.03730,6.03530,0.08,0.11
10.02.2014 07:55:52.919,6.03730,6.03530,0.06,0.09
10.02.2014 07:56:02.831,6.03760,6.03520,0.09,0.11
10.02.2014 07:56:28.964,6.03740,6.03530,0.06,0.10
10.02.2014 07:56:36.874,6.03740,6.03550,0.09,0.09
10.02.2014 07:56:42.881,6.03770,6.03540,0.06,0.09
10.02.2014 07:56:52.893,6.03760,6.03520,0.09,0.06
10.02.2014 07:57:44.855,6.03730,6.03540,0.06,0.10
10.02.2014 07:58:00.879,6.03760,6.03550,0.08,0.08
10.02.2014 07:58:48.928,6.03750,6.03520,0.09,0.11
10.02.2014 07:58:58.938,6.03750,6.03510,0.09,0.06
10.02.2014 07:59:20.860,6.03730,6.03520,0.06,0.09
10.02.2014 07:59:22.962,6.03760,6.03530,0.10,0.08
10.02.2014 07:59:30.870,6.03730,6.03500,0.06,0.09
10.02.2014 07:59:40.880,6.03780,6.03480,0.11,0.08
10.02.2014 07:59:52.894,6.03750,6.03520,0.11,0.08
10.02.2014 08:00:02.909,6.03730,6.03480,0.09,0.08
10.02.2014 08:00:10.921,6.03720,6.03480,0.09,0.10
10.02.2014 08:00:12.922,6.03730,6.03480,0.08,0.09
10.02.2014 08:00:14.824,6.03720,6.03480,0.06,0.06
10.02.2014 08:00:20.832,6.03720,6.03490,0.11,0.06
10.02.2014 08:00:26.876,6.03700,6.03510,0.08,0.08
10.02.2014 08:00:58.974,6.03720,6.03480,0.09,0.10
10.02.2014 08:01:00.877,6.03720,6.03490,0.08,0.11
10.02.2014 08:03:36.900,6.03710,6.03490,0.08,0.11
10.02.2014 08:03:42.869,6.03730,6.03490,0.09,0.08
10.02.2014 08:03:52.881,6.03740,6.03500,0.10,0.10
10.02.2014 08:04:20.815,6.03710,6.03510,0.08,0.06
10.02.2014 08:04:28.926,6.03710,6.03490,0.10,0.09
10.02.2014 08:04:46.984,6.03690,6.03490,0.06,0.06
10.02.2014 08:05:12.876,6.03690,6.03500,0.08,0.06
10.02.2014 08:05:32.900,6.03690,6.03480,0.08,0.09
10.02.2014 08:06:02.834,6.03700,6.03500,0.10,0.08
10.02.2014 08:06:16.984,6.03690,6.03490,0.06,0.10
10.02.2014 08:06:36.908,6.03700,6.03500,0.06,0.06
10.02.2014 08:07:28.934,6.03710,6.03490,0.10,0.10
10.02.2014 08:07:42.851,6.03740,6.03510,0.11,0.10
10.02.2014 08:08:40.823,6.03720,6.03510,0.08,0.10
10.02.2014 08:10:26.867,6.03710,6.03490,0.06,0.10
10.02.2014 08:10:30.872,6.03700,6.03490,0.08,0.06
10.02.2014 08:11:56.914,6.03700,6.03480,0.09,0.09
10.02.2014 08:12:14.897,6.03690,6.03470,0.06,0.06
10.02.2014 08:12:36.962,6.03670,6.03470,0.09,0.08
10.02.2014 08:12:44.936,6.03680,6.03460,0.11,0.09
10.02.2014 08:13:02.854,6.03730,6.03430,0.11,0.09
10.02.2014 08:13:04.856,6.03660,6.03470,0.09,0.10
10.02.2014 08:13:24.880,6.03680,6.03430,0.11,0.10
10.02.2014 08:13:32.890,6.03650,6.03460,0.10,0.11
10.02.2014 08:13:38.898,6.03660,6.03440,0.08,0.10
10.02.2014 08:13:40.900,6.03650,6.03420,0.08,0.06
10.02.2014 08:13:44.905,6.03650,6.03440,0.10,0.10
10.02.2014 08:13:48.909,6.03660,6.03450,0.08,0.06
10.02.2014 08:13:52.813,6.03650,6.03440,0.09,0.09
10.02.2014 08:14:04.825,6.03640,6.03410,0.08,0.06
10.02.2014 08:14:46.880,6.03640,6.03450,0.08,0.10
10.02.2014 08:14:50.885,6.03640,6.03440,0.09,0.10
10.02.2014 08:15:38.843,6.03650,6.03430,0.10,0.10
10.02.2014 08:15:40.846,6.03660,6.03460,0.09,0.09
10.02.2014 08:15:46.893,6.03630,6.03440,0.10,0.06
10.02.2014 08:15:50.859,6.03640,6.03450,0.08,0.10
10.02.2014 08:16:10.883,6.03650,6.03430,0.10,0.09
10.02.2014 08:16:34.811,6.03660,6.03450,0.11,0.06
10.02.2014 08:16:52.835,6.03660,6.03460,0.06,0.08
10.02.2014 08:17:16.868,6.03660,6.03440,0.06,0.08
10.02.2014 08:17:26.881,6.03660,6.03450,0.10,0.09
10.02.2014 08:17:34.893,6.03680,6.03460,0.09,0.11
10.02.2014 08:17:38.898,6.03660,6.03460,0.06,0.06
10.02.2014 08:17:46.909,6.03670,6.03470,0.08,0.11
10.02.2014 08:17:58.825,6.03660,6.03440,0.08,0.09
10.02.2014 08:18:10.842,6.03660,6.03450,0.11,0.11
10.02.2014 08:20:12.894,6.03640,6.03440,0.06,0.09
10.02.2014 08:21:14.869,6.03670,6.03460,0.08,0.09
10.02.2014 08:21:18.974,6.03650,6.03460,0.11,0.08
10.02.2014 08:21:44.906,6.03650,6.03450,0.11,0.10
10.02.2014 08:21:46.909,6.03660,6.03430,0.11,0.08
10.02.2014 08:22:00.928,6.03650,6.03450,0.06,0.09
10.02.2014 08:22:22.853,6.03660,6.03450,0.06,0.09
10.02.2014 08:22:38.870,6.03660,6.03470,0.11,0.09
10.02.2014 08:23:24.919,6.03670,6.03480,0.08,0.10
10.02.2014 08:24:10.877,6.03670,6.03460,0.08,0.11
10.02.2014 08:24:12.980,6.03660,6.03470,0.06,0.11
10.02.2014 08:24:22.892,6.03660,6.03460,0.08,0.09
10.02.2014 08:26:06.919,6.03670,6.03440,0.11,0.06
10.02.2014 08:27:16.901,6.03660,6.03460,0.11,0.10
10.02.2014 08:27:40.931,6.03640,6.03450,0.06,0.10
10.02.2014 08:27:56.950,6.03640,6.03440,0.11,0.06
10.02.2014 08:27:58.852,6.03640,6.03450,0.06,0.06
10.02.2014 08:28:22.880,6.03640,6.03440,0.08,0.11
10.02.2014 08:28:36.897,6.03630,6.03440,0.10,0.11
10.02.2014 08:29:20.948,6.03640,6.03450,0.06,0.09
10.02.2014 08:29:24.952,6.03680,6.03440,0.10,0.10
10.02.2014 08:30:02.898,6.03630,6.03440,0.11,0.09
10.02.2014 08:31:10.881,6.03640,6.03450,0.08,0.11
10.02.2014 08:31:16.889,6.03650,6.03450,0.09,0.10
10.02.2014 08:31:18.992,6.03640,6.03450,0.08,0.10
10.02.2014 08:32:18.957,6.03660,6.03420,0.09,0.10
10.02.2014 08:35:34.892,6.03640,6.03440,0.11,0.06
10.02.2014 08:35:43.001,6.03630,6.03430,0.08,0.06
10.02.2014 08:36:06.826,6.03620,6.03400,0.09,0.10
10.02.2014 08:36:24.844,6.03600,6.03380,0.09,0.06
10.02.2014 08:36:28.849,6.03600,6.03390,0.06,0.08
10.02.2014 08:36:36.959,6.03580,6.03360,0.10,0.10
10.02.2014 08:36:44.969,6.03680,6.03380,0.11,0.09
10.02.2014 08:36:46.871,6.03650,6.03370,0.08,0.08
10.02.2014 08:37:34.928,6.03610,6.03400,0.10,0.11
10.02.2014 08:37:42.939,6.03610,6.03420,0.10,0.06
10.02.2014 08:37:54.954,6.03600,6.03410,0.09,0.09
10.02.2014 08:38:09.010,6.03590,6.03400,0.09,0.10
10.02.2014 08:38:14.877,6.03590,6.03380,0.08,0.06
10.02.2014 08:38:16.880,6.03620,6.03400,0.11,0.11
10.02.2014 08:38:26.891,6.03590,6.03350,0.09,0.11
10.02.2014 08:38:44.913,6.03580,6.03380,0.11,0.11
10.02.2014 08:38:46.916,6.03600,6.03360,0.08,0.09
10.02.2014 08:39:10.882,6.03590,6.03400,0.09,0.09
10.02.2014 08:42:40.893,6.03590,6.03390,0.09,0.09
10.02.2014 08:43:46.874,6.03610,6.03400,0.10,0.09
10.02.2014 08:43:48.977,6.03600,6.03380,0.10,0.10
10.02.2014 08:45:26.900,6.03610,6.03390,0.08,0.09
10.02.2014 08:45:48.928,6.03660,6.03410,0.08,0.09
10.02.2014 08:45:50.931,6.03620,6.03420,0.08,0.10
10.02.2014 08:45:54.935,6.03620,6.03430,0.10,0.11
10.02.2014 08:45:56.938,6.03620,6.03400,0.09,0.08
10.02.2014 08:46:28.917,6.03630,6.03410,0.11,0.08
10.02.2014 08:46:42.995,6.03680,6.03420,0.08,0.06
10.02.2014 08:46:44.896,6.03700,6.03400,0.11,0.11
10.02.2014 08:47:06.922,6.03680,6.03440,0.10,0.09
10.02.2014 08:47:48.977,6.03670,6.03460,0.06,0.08
10.02.2014 08:47:50.980,6.03700,6.03450,0.06,0.08
10.02.2014 08:47:54.985,6.03680,6.03470,0.11,0.08
10.02.2014 08:47:56.887,6.03710,6.03470,0.11,0.06
10.02.2014 08:47:58.929,6.03670,6.03450,0.08,0.09
10.02.2014 08:48:07.000,6.03700,6.03470,0.08,0.10
10.02.2014 08:49:43.012,6.03650,6.03460,0.10,0.09
10.02.2014 08:50:58.906,6.03640,6.03430,0.11,0.08
10.02.2014 08:51:02.910,6.03680,6.03430,0.11,0.09
10.02.2014 08:51:10.918,6.03640,6.03440,0.10,0.10
10.02.2014 08:51:36.948,6.03690,6.03450,0.10,0.11
10.02.2014 08:51:40.852,6.03640,6.03420,0.11,0.06
10.02.2014 08:51:42.854,6.03630,6.03420,0.09,0.10
10.02.2014 08:51:56.969,6.03630,6.03440,0.09,0.08
10.02.2014 08:52:00.974,6.03640,6.03440,0.11,0.11
10.02.2014 08:52:06.979,6.03690,6.03450,0.08,0.09
10.02.2014 08:52:12.886,6.03640,6.03450,0.11,0.08
10.02.2014 08:52:22.898,6.03670,6.03440,0.06,0.09
10.02.2014 08:52:25.001,6.03640,6.03440,0.08,0.11
10.02.2014 08:52:31.008,6.03640,6.03450,0.06,0.10
10.02.2014 08:52:36.916,6.03690,6.03450,0.10,0.10
10.02.2014 08:52:46.928,6.03680,6.03450,0.09,0.06
10.02.2014 08:55:06.998,6.03640,6.03450,0.06,0.06
10.02.2014 08:55:14.907,6.03640,6.03440,0.11,0.09
10.02.2014 08:57:28.866,6.03670,6.03430,0.08,0.11
10.02.2014 08:57:42.982,6.03620,6.03420,0.10,0.08
10.02.2014 08:57:56.899,6.03630,6.03420,0.11,0.08
10.02.2014 08:58:12.919,6.03630,6.03430,0.11,0.09
10.02.2014 08:58:38.949,6.03660,6.03410,0.09,0.08
10.02.2014 09:01:18.938,6.03660,6.03430,0.06,0.09
10.02.2014 09:01:26.948,6.03640,6.03420,0.09,0.10
10.02.2014 09:01:32.956,6.03620,6.03410,0.08,0.06
10.02.2014 09:01:34.858,6.03600,6.03410,0.08,0.11
10.02.2014 09:02:24.918,6.03610,6.03410,0.06,0.11
10.02.2014 09:04:18.939,6.03620,6.03400,0.08,0.08
10.02.2014 09:04:22.943,6.03620,6.03390,0.06,0.10
10.02.2014 09:06:16.883,6.03610,6.03400,0.10,0.09
10.02.2014 09:06:50.924,6.03610,6.03390,0.10,0.08
10.02.2014 09:07:02.939,6.03620,6.03390,0.08,0.10
10.02.2014 09:07:04.942,6.03620,6.03410,0.11,0.08
10.02.2014 09:07:06.943,6.03600,6.03400,0.10,0.10
10.02.2014 09:07:10.949,6.03610,6.03380,0.09,0.06
10.02.2014 09:07:14.954,6.03600,6.03390,0.10,0.08
10.02.2014 09:07:40.884,6.03590,6.03400,0.09,0.11
10.02.2014 09:07:46.891,6.03590,6.03380,0.08,0.09
10.02.2014 09:07:50.995,6.03600,6.03370,0.10,0.10
10.02.2014 09:07:57.001,6.03610,6.03390,0.06,0.08
10.02.2014 09:08:04.910,6.03600,6.03400,0.08,0.09
10.02.2014 09:12:46.946,6.03650,6.03350,0.06,0.06
10.02.2014 09:16:36.929,6.03610,6.03380,0.11,0.10
10.02.2014 09:19:24.927,6.03600,6.03370,0.11,0.11
10.02.2014 09:20:08.984,6.03570,6.03380,0.11,0.06
10.02.2014 09:25:03.036,6.03590,6.03380,0.10,0.10
10.02.2014 09:25:30.969,6.03620,6.03380,0.08,0.08
10.02.2014 09:25:48.890,6.03610,6.03410,0.10,0.08
10.02.2014 09:25:57.000,6.03610,6.03420,0.11,0.11
10.02.2014 09:27:46.932,6.03640,6.03410,0.08,0.08
10.02.2014 09:28:57.012,6.03600,6.03410,0.11,0.08
10.02.2014 09:29:10.927,6.03640,6.03390,0.06,0.09
10.02.2014 09:29:50.975,6.03590,6.03370,0.11,0.08
10.02.2014 09:30:11.001,6.03630,6.03390,0.08,0.11
10.02.2014 09:30:34.928,6.03590,6.03390,0.06,0.10
10.02.2014 09:30:52.950,6.03600,6.03370,0.11,0.11
10.02.2014 09:31:00.960,6.03580,6.03380,0.06,0.11
10.02.2014 09:31:54.918,6.03570,6.03380,0.09,0.09
10.02.2014 09:33:44.942,6.03590,6.03350,0.10,0.09
10.02.2014 09:33:46.944,6.03610,6.03350,0.09,0.09
10.02.2014 09:35:46.992,6.03570,6.03380,0.10,0.10
10.02.2014 09:35:59.006,6.03580,6.03370,0.09,0.10
10.02.2014 09:36:00.908,6.03580,6.03380,0.09,0.06
10.02.2014 09:36:10.921,6.03610,6.03370,0.10,0.08
10.02.2014 09:36:15.026,6.03570,6.03370,0.10,0.10
10.02.2014 09:37:56.945,6.03580,6.03370,0.11,0.09
10.02.2014 09:38:00.951,6.03590,6.03390,0.10,0.09
10.02.2014 09:38:02.954,6.03600,6.03370,0.08,0.09
10.02.2014 09:38:08.962,6.03600,6.03410,0.09,0.11
10.02.2014 09:38:58.921,6.03610,6.03410,0.09,0.06
10.02.2014 09:39:18.945,6.03600,6.03410,0.06,0.10
10.02.2014 09:39:40.972,6.03580,6.03390,0.11,0.10
10.02.2014 09:39:46.980,6.03570,6.03390,0.09,0.11
10.02.2014 09:39:52.987,6.03620,6.03370,0.09,0.09
10.02.2014 09:40:03.001,6.03580,6.03360,0.06,0.08
10.02.2014 09:40:18.917,6.03580,6.03390,0.06,0.11
10.02.2014 09:41:14.974,6.03620,6.03380,0.08,0.08
10.02.2014 09:42:59.003,6.03580,6.03390,0.08,0.11
10.02.2014 09:43:44.962,6.03580,6.03380,0.08,0.10
10.02.2014 09:47:09.047,6.03580,6.03380,0.08,0.08
10.02.2014 09:47:18.920,6.03590,6.03380,0.10,0.08
10.02.2014 09:50:34.948,6.03600,6.03380,0.10,0.06
10.02.2014 09:53:38.971,6.03580,6.03390,0.08,0.06
10.02.2014 09:54:24.929,6.03580,6.03370,0.08,0.10
10.02.2014 09:56:06.954,6.03580,6.03380,0.09,0.11
10.02.2014 09:58:04.986,6.03580,6.03370,0.10,0.08
10.02.2014 09:58:06.989,6.03620,6.03380,0.10,0.06
10.02.2014 09:58:12.995,6.03620,6.03370,0.08,0.09
10.02.2014 09:58:23.008,6.03580,6.03380,0.09,0.11
10.02.2014 09:58:52.942,6.03590,6.03390,0.09,0.11
10.02.2014 09:59:16.969,6.03580,6.03380,0.10,0.10
10.02.2014 09:59:45.003,6.03570,6.03370,0.08,0.10
10.02.2014 10:00:03.026,6.03580,6.03370,0.10,0.10
10.02.2014 10:00:15.039,6.03630,6.03390,0.10,0.08
10.02.2014 10:01:56.964,6.03580,6.03380,0.08,0.10
10.02.2014 10:02:00.969,6.03580,6.03390,0.11,0.10
10.02.2014 10:02:48.926,6.03580,6.03380,0.09,0.08
10.02.2014 10:03:24.965,6.03590,6.03390,0.08,0.06
10.02.2014 10:04:15.022,6.03600,6.03380,0.10,0.06
10.02.2014 10:04:30.943,6.03610,6.03410,0.10,0.10
10.02.2014 10:04:36.951,6.03610,6.03400,0.06,0.10
10.02.2014 10:05:24.914,6.03650,6.03410,0.08,0.11
10.02.2014 10:05:30.921,6.03600,6.03410,0.06,0.08
10.02.2014 10:06:04.962,6.03610,6.03420,0.10,0.08
10.02.2014 10:06:06.965,6.03620,6.03430,0.10,0.09
10.02.2014 10:06:08.967,6.03650,6.03420,0.09,0.08
10.02.2014 10:06:12.972,6.03610,6.03420,0.06,0.06
10.02.2014 10:06:14.974,6.03610,6.03410,0.10,0.09
10.02.2014 10:06:41.005,6.03660,6.03410,0.10,0.10
10.02.2014 10:06:42.907,6.03610,6.03420,0.08,0.08
10.02.2014 10:06:48.955,6.03600,6.03410,0.06,0.10
10.02.2014 10:08:06.910,6.03640,6.03400,0.10,0.08
10.02.2014 10:08:11.015,6.03650,6.03410,0.09,0.10
10.02.2014 10:08:12.917,6.03610,6.03410,0.11,0.08
10.02.2014 10:08:17.022,6.03650,6.03420,0.06,0.10
10.02.2014 10:10:30.984,6.03650,6.03420,0.10,0.06
10.02.2014 10:10:36.991,6.03610,6.03420,0.11,0.11
10.02.2014 10:10:51.042,6.03600,6.03400,0.09,0.09
10.02.2014 10:11:03.017,6.03600,6.03410,0.06,0.08
10.02.2014 10:13:32.987,6.03600,6.03410,0.08,0.06
10.02.2014 10:13:54.914,6.03660,6.03400,0.08,0.09
10.02.2014 10:14:18.942,6.03610,6.03430,0.06,0.10
10.02.2014 10:14:40.968,6.03650,6.03430,0.06,0.10
10.02.2014 10:14:56.988,6.03640,6.03420,0.06,0.09
10.02.2014 10:15:11.004,6.03640,6.03410,0.06,0.10
10.02.2014 10:15:17.011,6.03610,6.03420,0.10,0.09
10.02.2014 10:15:18.914,6.03600,6.03410,0.06,0.11
10.02.2014 10:15:21.016,6.03640,6.03410,0.11,0.08
10.02.2014 10:15:23.019,6.03610,6.03420,0.10,0.11
10.02.2014 10:15:36.936,6.03610,6.03410,0.11,0.09
10.02.2014 10:15:46.948,6.03640,6.03420,0.09,0.10
10.02.2014 10:15:51.053,6.03610,6.03420,0.06,0.11
10.02.2014 10:15:58.963,6.03640,6.03410,0.06,0.06
10.02.2014 10:17:33.073,6.03660,6.03420,0.11,0.10
10.02.2014 10:17:34.975,6.03670,6.03430,0.10,0.08
10.02.2014 10:17:48.991,6.03650,6.03430,0.06,0.10
10.02.2014 10:18:42.957,6.03620,6.03430,0.09,0.06
10.02.2014 10:18:57.073,6.03630,6.03430,0.08,0.06
10.02.2014 10:19:04.981,6.03680,6.03430,0.08,0.11
10.02.2014 10:19:08.986,6.03660,6.03440,0.06,0.09
10.02.2014 10:19:10.988,6.03630,6.03430,0.09,0.10
10.02.2014 10:19:14.993,6.03670,6.03420,0.06,0.09
10.02.2014 10:19:25.005,6.03620,6.03430,0.09,0.10
10.02.2014 10:20:51.011,6.03650,6.03430,0.11,0.06
10.02.2014 10:21:15.039,6.03660,6.03410,0.09,0.11
10.02.2014 10:35:06.948,6.03650,6.03410,0.09,0.10
10.02.2014 10:43:27.051,6.03660,6.03410,0.08,0.09
10.02.2014 10:50:34.978,6.03640,6.03420,0.09,0.10
10.02.2014 10:50:57.006,6.03600,6.03410,0.11,0.08
10.02.2014 10:51:39.056,6.03600,6.03400,0.11,0.10
10.02.2014 10:52:59.053,6.03640,6.03390,0.06,0.06
10.02.2014 10:54:23.048,6.03640,6.03400,0.08,0.06
10.02.2014 10:56:03.070,6.03600,6.03390,0.10,0.08
10.02.2014 10:56:09.078,6.03600,6.03400,0.09,0.06
10.02.2014 10:56:55.034,6.03600,6.03410,0.11,0.09
10.02.2014 10:57:05.046,6.03600,6.03400,0.06,0.08
10.02.2014 11:11:12.953,6.03600,6.03410,0.10,0.10
10.02.2014 11:12:42.963,6.03590,6.03390,0.10,0.06
10.02.2014 11:12:47.068,6.03580,6.03390,0.11,0.06
10.02.2014 11:13:00.985,6.03580,6.03370,0.10,0.08
10.02.2014 11:13:04.990,6.03600,6.03380,0.10,0.09
10.02.2014 11:13:10.997,6.03570,6.03370,0.10,0.09
10.02.2014 11:13:23.011,6.03580,6.03370,0.11,0.06
10.02.2014 11:13:27.016,6.03590,6.03390,0.06,0.08
10.02.2014 11:13:29.018,6.03620,6.03390,0.11,0.11
10.02.2014 11:13:37.028,6.03590,6.03400,0.10,0.08
10.02.2014 11:13:41.033,6.03620,6.03380,0.10,0.06
10.02.2014 11:15:29.065,6.03570,6.03380,0.10,0.09
10.02.2014 11:17:27.107,6.03580,6.03380,0.11,0.09
10.02.2014 11:17:31.012,6.03580,6.03370,0.10,0.09
10.02.2014 11:37:09.118,6.03610,6.03390,0.08,0.11
10.02.2014 11:40:29.047,6.03560,6.03380,0.10,0.08
10.02.2014 11:40:41.061,6.03590,6.03380,0.11,0.11
10.02.2014 11:42:21.119,6.03600,6.03370,0.06,0.06
10.02.2014 11:50:09.134,6.03560,6.03360,0.09,0.11
10.02.2014 11:55:31.053,6.03560,6.03360,0.06,0.09
10.02.2014 12:00:03.044,6.03580,6.03370,0.06,0.08
10.02.2014 12:08:31.043,6.03560,6.03380,0.08,0.08
10.02.2014 12:09:25.109,6.03620,6.03370,0.10,0.08
10.02.2014 12:09:33.018,6.03560,6.03370,0.08,0.10
10.02.2014 12:41:45.120,6.03570,6.03370,0.10,0.08
10.02.2014 12:41:49.125,6.03570,6.03340,0.10,0.09
10.02.2014 12:56:29.166,6.03600,6.03360,0.09,0.10
10.02.2014 12:57:41.048,6.03570,6.03380,0.09,0.06
10.02.2014 12:58:51.135,6.03590,6.03350,0.09,0.06
10.02.2014 13:03:15.145,6.03560,6.03370,0.08,0.08
10.02.2014 13:03:25.056,6.03570,6.03370,0.11,0.09
10.02.2014 13:05:21.104,6.03600,6.03370,0.11,0.11
10.02.2014 13:07:53.129,6.03600,6.03370,0.11,0.09
10.02.2014 13:08:29.134,6.03570,6.03360,0.09,0.09
10.02.2014 13:08:39.146,6.03590,6.03370,0.11,0.06
10.02.2014 13:08:41.149,6.03570,6.03370,0.10,0.06
10.02.2014 13:14:43.058,6.03600,6.03370,0.06,0.06
10.02.2014 13:14:59.076,6.03590,6.03370,0.06,0.11
10.02.2014 13:15:21.101,6.03600,6.03370,0.09,0.09
10.02.2014 13:18:43.085,6.03600,6.03370,0.11,0.11
10.02.2014 13:21:01.103,6.03600,6.03370,0.10,0.06
10.02.2014 13:21:15.119,6.03570,6.03370,0.06,0.06
10.02.2014 13:27:15.138,6.03560,6.03360,0.10,0.09
10.02.2014 13:27:23.147,6.03570,6.03340,0.10,0.06
10.02.2014 13:27:33.159,6.03540,6.03340,0.06,0.09
10.02.2014 13:31:07.108,6.03550,6.03360,0.09,0.06
10.02.2014 13:34:51.165,6.03580,6.03360,0.10,0.10
10.02.2014 13:39:37.099,6.03540,6.03350,0.09,0.11
10.02.2014 13:43:27.178,6.03580,6.03350,0.06,0.08
10.02.2014 13:44:19.133,6.03550,6.03350,0.10,0.11
10.02.2014 13:46:39.198,6.03550,6.03350,0.11,0.11
10.02.2014 13:46:59.120,6.03580,6.03350,0.06,0.11
10.02.2014 13:47:01.123,6.03550,6.03350,0.08,0.09
10.02.2014 14:20:17.157,6.03560,6.03350,0.10,0.11
10.02.2014 14:23:07.174,6.03640,6.03380,0.10,0.10
10.02.2014 14:23:27.098,6.03630,6.03370,0.09,0.09
10.02.2014 14:23:37.209,6.03620,6.03390,0.09,0.10
10.02.2014 14:26:07.184,6.03640,6.03380,0.11,0.10
10.02.2014 14:28:43.173,6.03600,6.03410,0.06,0.06
10.02.2014 14:28:47.179,6.03620,6.03390,0.10,0.06
10.02.2014 14:28:57.091,6.03630,6.03390,0.06,0.11
10.02.2014 14:29:19.220,6.03590,6.03390,0.11,0.11
10.02.2014 14:31:47.206,6.03590,6.03390,0.06,0.11
10.02.2014 14:33:25.223,6.03610,6.03390,0.09,0.11
10.02.2014 14:39:31.188,6.03590,6.03390,0.09,0.09
10.02.2014 14:39:51.212,6.03650,6.03380,0.09,0.10
10.02.2014 14:39:53.215,6.03620,6.03380,0.08,0.10
10.02.2014 14:41:03.200,6.03620,6.03380,0.09,0.08
10.02.2014 14:41:05.202,6.03620,6.03420,0.11,0.10
10.02.2014 14:41:09.206,6.03610,6.03380,0.10,0.09
10.02.2014 14:41:37.141,6.03620,6.03380,0.08,0.11
10.02.2014 14:57:07.195,6.03610,6.03390,0.10,0.10
10.02.2014 14:58:05.267,6.03620,6.03420,0.10,0.09
10.02.2014 15:00:07.236,6.03660,6.03390,0.09,0.08
10.02.2014 15:01:29.134,6.03630,6.03410,0.10,0.08
10.02.2014 15:04:05.124,6.03620,6.03430,0.06,0.09
10.02.2014 15:05:29.134,6.03630,6.03420,0.06,0.06
10.02.2014 15:05:55.267,6.03630,6.03440,0.10,0.11
10.02.2014 15:10:03.250,6.03630,6.03430,0.08,0.09
10.02.2014 15:10:23.171,6.03640,6.03440,0.11,0.09
10.02.2014 15:10:33.182,6.03620,6.03430,0.09,0.08
10.02.2014 15:15:13.238,6.03600,6.03380,0.09,0.10
10.02.2014 15:15:21.248,6.03610,6.03380,0.09,0.10
10.02.2014 15:15:23.152,6.03600,6.03380,0.09,0.06
10.02.2014 15:20:01.192,6.03610,6.03400,0.11,0.09
10.02.2014 15:20:39.243,6.03640,6.03390,0.10,0.08
10.02.2014 15:20:41.145,6.03640,6.03400,0.08,0.11
10.02.2014 15:21:13.285,6.03630,6.03440,0.10,0.06
10.02.2014 15:23:51.180,6.03620,6.03390,0.11,0.08
10.02.2014 15:23:53.182,6.03640,6.03380,0.10,0.06
10.02.2014 15:27:51.170,6.03620,6.03400,0.09,0.10
10.02.2014 15:27:53.172,6.03660,6.03430,0.11,0.06
10.02.2014 15:29:47.199,6.03700,6.03470,0.08,0.11
10.02.2014 15:29:51.203,6.03660,6.03440,0.08,0.11
10.02.2014 15:29:59.212,6.03650,6.03460,0.11,0.10
10.02.2014 15:31:09.187,6.03680,6.03450,0.08,0.10
10.02.2014 15:32:15.267,6.03680,6.03460,0.06,0.08
10.02.2014 15:32:33.189,6.03660,6.03480,0.06,0.10
10.02.2014 15:32:37.294,6.03670,6.03470,0.11,0.11
10.02.2014 15:32:59.221,6.03720,6.03480,0.06,0.09
10.02.2014 15:33:01.223,6.03700,6.03480,0.11,0.06
10.02.2014 15:33:55.293,6.03710,6.03480,0.08,0.06
10.02.2014 15:33:57.195,6.03700,6.03500,0.09,0.08
10.02.2014 15:34:05.206,6.03730,6.03480,0.08,0.09
10.02.2014 15:34:07.208,6.03700,6.03480,0.06,0.08
10.02.2014 15:35:15.190,6.03690,6.03470,0.10,0.06
10.02.2014 15:35:25.201,6.03710,6.03500,0.06,0.08
10.02.2014 15:35:27.204,6.03690,6.03500,0.06,0.08
10.02.2014 15:36:29.181,6.03710,6.03480,0.09,0.11
10.02.2014 15:39:31.218,6.03680,6.03480,0.08,0.09
10.02.2014 15:39:35.222,6.03710,6.03490,0.08,0.06
10.02.2014 15:39:53.244,6.03720,6.03490,0.10,0.08
10.02.2014 15:39:57.249,6.03700,6.03480,0.09,0.06
10.02.2014 15:39:59.251,6.03690,6.03500,0.08,0.09
10.02.2014 15:40:01.154,6.03720,6.03480,0.06,0.08
10.02.2014 15:40:05.262,6.03720,6.03490,0.10,0.08
10.02.2014 15:51:21.215,6.03710,6.03480,0.06,0.11
10.02.2014 15:51:45.285,6.03740,6.03500,0.08,0.10
10.02.2014 15:51:47.247,6.03700,6.03490,0.08,0.09
10.02.2014 16:16:11.275,6.03720,6.03500,0.09,0.06
10.02.2014 16:16:19.285,6.03730,6.03500,0.09,0.11
10.02.2014 16:16:27.195,6.03720,6.03490,0.06,0.10
10.02.2014 16:16:29.297,6.03720,6.03500,0.06,0.06
10.02.2014 16:16:57.234,6.03720,6.03490,0.08,0.09
10.02.2014 16:17:09.248,6.03710,6.03470,0.11,0.11
10.02.2014 16:18:59.284,6.03710,6.03490,0.08,0.06
10.02.2014 16:19:35.328,6.03710,6.03480,0.06,0.06
10.02.2014 16:20:41.313,6.03710,6.03480,0.09,0.11
10.02.2014 16:21:49.299,6.03710,6.03480,0.10,0.11
10.02.2014 16:24:31.299,6.03710,6.03480,0.06,0.11
10.02.2014 16:25:05.239,6.03700,6.03480,0.11,0.06
10.02.2014 16:25:13.251,6.03710,6.03480,0.09,0.10
10.02.2014 16:25:43.289,6.03700,6.03480,0.09,0.10
10.02.2014 16:26:29.249,6.03710,6.03480,0.06,0.06
10.02.2014 16:26:31.252,6.03700,6.03480,0.11,0.09
10.02.2014 16:28:53.335,6.03700,6.03480,0.10,0.11
10.02.2014 16:37:23.304,6.03690,6.03480,0.08,0.06
10.02.2014 17:04:13.284,6.03670,6.03440,0.10,0.08
10.02.2014 17:04:37.315,6.03700,6.03470,0.06,0.06
10.02.2014 17:04:53.245,6.03710,6.03470,0.09,0.11
10.02.2014 17:06:09.240,6.03680,6.03430,0.11,0.09
10.02.2014 17:06:11.343,6.03670,6.03440,0.08,0.06
10.02.2014 17:06:13.345,6.03660,6.03410,0.10,0.08
10.02.2014 17:07:37.382,6.03670,6.03420,0.08,0.10
10.02.2014 17:07:39.247,6.03660,6.03440,0.06,0.10
10.02.2014 17:07:41.350,6.03650,6.03430,0.10,0.08
10.02.2014 17:07:51.264,6.03650,6.03450,0.11,0.10
10.02.2014 17:07:53.367,6.03700,6.03450,0.09,0.08
10.02.2014 17:09:25.285,6.03670,6.03460,0.08,0.11
10.02.2014 17:12:25.318,6.03670,6.03450,0.09,0.11
10.02.2014 17:12:33.231,6.03690,6.03410,0.08,0.08
10.02.2014 17:12:37.337,6.03650,6.03450,0.06,0.08
10.02.2014 17:13:17.287,6.03670,6.03460,0.06,0.09
10.02.2014 17:25:13.269,6.03670,6.03450,0.08,0.09
10.02.2014 17:25:15.271,6.03660,6.03430,0.11,0.06
10.02.2014 17:25:41.303,6.03660,6.03460,0.08,0.09
10.02.2014 17:28:29.307,6.03660,6.03420,0.08,0.06
10.02.2014 17:28:31.309,6.03650,6.03430,0.11,0.08
10.02.2014 17:28:35.312,6.03680,6.03400,0.10,0.06
10.02.2014 17:28:45.324,6.03650,6.03420,0.06,0.10
10.02.2014 17:29:07.389,6.03660,6.03440,0.10,0.08
10.02.2014 17:29:09.251,6.03640,6.03420,0.10,0.10
10.02.2014 17:29:15.258,6.03680,6.03400,0.10,0.11
10.02.2014 17:29:21.265,6.03640,6.03430,0.06,0.11
10.02.2014 17:29:25.270,6.03640,6.03420,0.06,0.09
10.02.2014 17:29:35.381,6.03640,6.03430,0.11,0.08
10.02.2014 17:29:49.297,6.03640,6.03440,0.10,0.06
10.02.2014 17:36:47.222,6.03670,6.03400,0.10,0.11
10.02.2014 17:39:03.286,6.03650,6.03440,0.09,0.08
10.02.2014 17:39:05.388,6.03660,6.03420,0.11,0.11
10.02.2014 17:39:13.299,6.03670,6.03430,0.06,0.06
10.02.2014 17:39:47.342,6.03650,6.03420,0.11,0.08
10.02.2014 17:40:15.278,6.03640,6.03440,0.06,0.10
10.02.2014 17:40:17.419,6.03630,6.03430,0.11,0.08
10.02.2014 17:41:05.340,6.03620,6.03420,0.08,0.09
10.02.2014 17:41:11.247,6.03640,6.03420,0.06,0.06
10.02.2014 17:42:49.364,6.03620,6.03420,0.09,0.10
10.02.2014 17:43:19.301,6.03630,6.03430,0.11,0.06
10.02.2014 17:43:33.318,6.03650,6.03440,0.08,0.08
10.02.2014 17:44:39.300,6.03620,6.03420,0.08,0.09
10.02.2014 17:45:31.368,6.03630,6.03420,0.06,0.09
10.02.2014 17:45:47.389,6.03630,6.03460,0.10,0.09
10.02.2014 17:45:49.292,6.03660,6.03430,0.10,0.11
10.02.2014 17:46:37.402,6.03660,6.03440,0.06,0.06
10.02.2014 17:46:53.383,6.03650,6.03450,0.10,0.06
10.02.2014 17:47:05.397,6.03640,6.03430,0.11,0.09
10.02.2014 18:37:25.374,6.03660,6.03450,0.10,0.11
10.02.2014 18:37:53.307,6.03670,6.03460,0.09,0.06
10.02.2014 18:44:51.326,6.03660,6.03420,0.06,0.06
10.02.2014 18:45:21.364,6.03660,6.03450,0.08,0.10
10.02.2014 18:47:25.416,6.03660,6.03450,0.08,0.11
10.02.2014 18:52:07.393,6.03660,6.03430,0.11,0.10
10.02.2014 18:52:17.366,6.03680,6.03440,0.08,0.09
10.02.2014 18:52:35.287,6.03650,6.03420,0.06,0.10
10.02.2014 18:52:51.409,6.03650,6.03440,0.11,0.10
10.02.2014 18:53:05.327,6.03680,6.03440,0.06,0.06
10.02.2014 18:53:13.438,6.03650,6.03440,0.06,0.11
